student_id,first_name,last_name,age,email,country,grade_math,grade_science,grade_english,Final_score
1,Kerrill,De Cleyne,24,kdecleyne0@furl.net,Venezuela,68,80,15,54
2,Krissie,Vittet,25,kvittet1@ustream.tv,Bulgaria,29,30,60,39
3,Hugibert,Haugg,21,hhaugg2@theguardian.com,New Zealand,76,0,55,43
4,Fancie,De Mars,18,fdemars3@parallels.com,China,82,88,90,86
5,Micki,O'Dowgaine,24,modowgaine4@livejournal.com,China,77,23,11,37
6,Bella,Litchfield,22,blitchfield5@dropbox.com,China,44,78,30,50
7,Ariel,Laslett,22,alaslett6@vimeo.com,Malta,100,61,90,83
8,Ailbert,Nickolls,25,anickolls7@is.gd,China,98,81,59,79
9,Jobyna,Stoffer,25,jstoffer8@xinhuanet.com,El Salvador,35,51,41,42
10,Saundra,Dietzler,25,sdietzler9@blogspot.com,Argentina,46,38,16,33
11,Mitchel,Lunt,22,mlunta@gov.uk,Macedonia,89,40,65,64
12,Nicoli,Chadburn,25,nchadburnb@toplist.cz,Mexico,80,47,53,60
13,Ketti,Naisby,21,knaisbyc@sina.com.cn,France,95,30,49,58
14,Adoree,Rama,22,aramad@xinhuanet.com,Argentina,60,89,12,53
15,Berny,Jime,19,bjimee@zdnet.com,Brazil,61,27,32,40
16,Reynolds,Goodge,24,rgoodgef@cargocollective.com,Guatemala,56,2,41,33
17,Turner,Brendish,24,tbrendishg@opera.com,Sweden,23,72,90,61
18,Ninetta,Carrane,20,ncarraneh@etsy.com,Slovenia,78,98,95,90
19,Dilly,Jedrychowski,19,djedrychowskii@aol.com,China,28,40,3,23
20,Friedrick,Schrir,19,fschrirj@slashdot.org,Indonesia,100,6,55,53
21,Clay,Gallagher,23,cgallagherk@soup.io,Vietnam,63,81,12,52
22,Collen,Foran,20,cforanl@sakura.ne.jp,Croatia,38,67,74,59
23,Skye,Elland,20,sellandm@a8.net,Russia,82,88,27,65
24,Tonnie,Audenis,24,taudenisn@wufoo.com,Philippines,71,6,26,34
25,Hedwiga,Tidswell,20,htidswello@discovery.com,China,78,97,8,61
26,Clevey,Bargh,25,cbarghp@uol.com.br,China,20,34,76,43
27,Kurt,Ivery,25,kiveryq@csmonitor.com,Portugal,51,60,18,43
28,Lloyd,Yeliashev,18,lyeliashevr@hud.gov,China,87,94,92,91
29,Terence,Creswell,20,tcreswells@domainmarket.com,China,76,66,68,70
30,Valentia,McGarrahan,25,vmcgarrahant@kickstarter.com,China,32,62,80,58
31,Tara,Bodesson,24,tbodessonu@nymag.com,Portugal,41,15,93,49
32,Arvy,Hinkins,19,ahinkinsv@go.com,Portugal,90,95,63,82
33,Allys,O'Kieran,19,aokieranw@cargocollective.com,Indonesia,87,4,74,55
34,Kele,Vashchenko,19,kvashchenkox@salon.com,Lithuania,12,55,88,51
35,Eilis,Kissock,23,ekissocky@wsj.com,Russia,0,14,69,27
36,Phyllys,Prahl,23,pprahlz@mapy.cz,China,31,55,9,31
37,Rosella,Dowall,22,rdowall10@hexun.com,Philippines,81,33,31,48
38,Karim,McDougald,25,kmcdougald11@tinyurl.com,Philippines,24,18,16,19
39,Teriann,Gaynor,19,tgaynor12@topsy.com,France,41,1,12,18
40,Andonis,Pert,21,apert13@reference.com,Poland,97,66,64,75
41,Garik,Caldecot,23,gcaldecot14@gmpg.org,Indonesia,73,1,96,56
42,Andria,Bollum,25,abollum15@deliciousdays.com,South Korea,62,41,74,59
43,Rodolphe,Bordes,24,rbordes16@who.int,Kenya,87,92,50,76
44,Der,Blackborough,19,dblackborough17@yelp.com,Paraguay,7,70,79,52
45,Tess,Laidel,25,tlaidel18@slate.com,Curacao,19,47,90,52
46,Skylar,Lewry,20,slewry19@trellian.com,Portugal,53,57,21,43
47,Dorice,Astle,25,dastle1a@weebly.com,Mexico,16,67,12,31
48,Dorolice,Donohue,24,ddonohue1b@istockphoto.com,Argentina,69,10,60,46
49,Starlin,Klimp,18,sklimp1c@fotki.com,Brazil,89,5,99,64
50,Prentiss,Blythe,25,pblythe1d@wikia.com,Argentina,90,16,44,50
51,Zacharias,Colquite,20,zcolquite1e@smh.com.au,China,77,78,13,56
52,Carmencita,Whithalgh,23,cwhithalgh1f@skype.com,Palestinian Territory,54,28,41,41
53,Ernaline,Le Blond,19,eleblond1g@bloglovin.com,Japan,59,70,82,70
54,Tanya,Braisby,24,tbraisby1h@gnu.org,Russia,86,10,35,43
55,Leisha,Doward,24,ldoward1i@upenn.edu,Syria,71,22,59,50
56,Jory,Harsnipe,22,jharsnipe1j@fema.gov,China,45,47,40,44
57,Shandee,Scaice,20,sscaice1k@sun.com,Czech Republic,61,31,52,48
58,Noel,Crackett,19,ncrackett1l@nyu.edu,Croatia,76,43,36,51
59,Corine,Cattlemull,24,ccattlemull1m@earthlink.net,Philippines,98,43,93,78
60,Elvera,Kilcullen,19,ekilcullen1n@csmonitor.com,Germany,21,65,91,59
61,Elisha,Cudby,19,ecudby1o@clickbank.net,France,82,34,18,44
62,Fawnia,Pleuman,25,fpleuman1p@fotki.com,South Africa,61,26,33,40
63,Ulberto,Element,20,uelement1q@mail.ru,Kenya,82,35,16,44
64,Tildi,Scobbie,21,tscobbie1r@wix.com,Indonesia,39,94,83,72
65,Claudina,Stallard,24,cstallard1s@drupal.org,Taiwan,6,44,11,20
66,Ethelyn,Farens,24,efarens1t@wordpress.org,Czech Republic,62,90,39,63
67,Thalia,Abercromby,24,tabercromby1u@example.com,Philippines,71,78,16,55
68,Arabela,Risely,23,arisely1v@marketwatch.com,China,91,64,63,72
69,Matteo,Lattey,21,mlattey1w@spiegel.de,Afghanistan,100,27,54,60
70,Carmella,Ballsdon,18,cballsdon1x@google.ru,Russia,34,57,63,51
71,Killie,Lorenc,24,klorenc1y@123-reg.co.uk,Syria,21,16,63,33
72,Cilka,Telfer,22,ctelfer1z@google.com,Japan,31,65,26,40
73,Delbert,Vala,25,dvala20@eepurl.com,Indonesia,68,33,60,53
74,Concordia,Boyton,23,cboyton21@is.gd,Indonesia,9,91,29,43
75,Enid,Pretley,23,epretley22@pagesperso-orange.fr,Philippines,79,2,82,54
76,Davina,Waywell,19,dwaywell23@tripod.com,Lithuania,10,61,86,52
77,Gunter,Ruste,22,gruste24@prlog.org,Russia,83,81,20,61
78,Ric,De Carlo,20,rdecarlo25@amazon.com,Brazil,34,20,71,41
79,Jenelle,Treherne,18,jtreherne26@wordpress.org,Portugal,31,48,5,28
80,Welch,Mucklow,19,wmucklow27@shop-pro.jp,Portugal,26,15,51,30
81,Anatol,Wheatman,25,awheatman28@spotify.com,Russia,81,72,51,68
82,Ritchie,O'Carmody,25,rocarmody29@pinterest.com,Azerbaijan,13,27,62,34
83,Davide,Pettyfer,19,dpettyfer2a@vinaora.com,China,44,78,55,59
84,Sada,Anchor,24,sanchor2b@gmpg.org,China,79,18,29,42
85,Maure,Maybey,19,mmaybey2c@si.edu,Russia,69,96,50,71
86,Blinnie,O'Murtagh,20,bomurtagh2d@si.edu,Portugal,62,99,6,55
87,Evie,Heenan,22,eheenan2e@nsw.gov.au,Poland,95,46,73,71
88,Bevin,Capnerhurst,19,bcapnerhurst2f@yale.edu,United States,37,47,76,53
89,Esme,Allsep,21,eallsep2g@nyu.edu,Czech Republic,74,90,5,56
90,Ugo,Renbold,20,urenbold2h@nbcnews.com,Azerbaijan,22,25,68,38
91,Smith,Sanpere,25,ssanpere2i@edublogs.org,Philippines,89,88,12,63
92,Clareta,Furze,19,cfurze2j@microsoft.com,Nigeria,37,18,43,32
93,Teador,Chsteney,20,tchsteney2k@mayoclinic.com,Panama,3,51,4,19
94,Harriette,McNicol,20,hmcnicol2l@histats.com,Sri Lanka,91,88,41,73
95,Dosi,Ainley,20,dainley2m@gnu.org,Indonesia,13,10,57,26
96,Krystle,Macieja,20,kmacieja2n@addthis.com,China,38,81,84,67
97,Laurie,Usherwood,21,lusherwood2o@ebay.com,Russia,94,49,31,58
98,Nettie,Vicioso,19,nvicioso2p@theguardian.com,Ukraine,36,81,53,56
99,Phil,Vanichkov,24,pvanichkov2q@dropbox.com,Indonesia,67,55,13,45
100,Lorrayne,Vahl,22,lvahl2r@nymag.com,Republic of the Congo,84,28,57,56
101,Allison,Saldler,24,asaldler2s@ucla.edu,Portugal,44,90,68,67
102,Eolande,Skune,21,eskune2t@cbslocal.com,Greece,60,34,71,55
103,Mozelle,GiacobbiniJacob,21,mgiacobbinijacob2u@phoca.cz,Poland,39,18,3,20
104,Perkin,Corris,25,pcorris2v@archive.org,Thailand,22,68,70,53
105,Willabella,Mathews,22,wmathews2w@blogspot.com,Philippines,12,31,4,15
106,Esmaria,Anning,19,eanning2x@hatena.ne.jp,Portugal,45,85,47,59
107,Irvin,Dibsdale,23,idibsdale2y@netvibes.com,Philippines,24,38,31,31
108,Boniface,Storror,19,bstorror2z@xing.com,Brazil,37,40,50,42
109,Veda,Street,25,vstreet30@un.org,China,92,45,61,66
110,Harley,Rigts,24,hrigts31@soup.io,Poland,55,43,72,56
111,Bobbie,Perryn,23,bperryn32@tiny.cc,Indonesia,47,33,7,29
112,Estel,McDuffie,22,emcduffie33@kickstarter.com,Portugal,16,26,42,28
113,Candis,Eisold,22,ceisold34@rediff.com,Russia,48,79,11,46
114,Donn,Armfirld,20,darmfirld35@linkedin.com,Sweden,72,76,41,63
115,Donny,Jansens,19,djansens36@who.int,Philippines,59,70,80,69
116,Midge,Okenden,24,mokenden37@slashdot.org,Kazakhstan,4,73,19,32
117,Lydia,Mariotte,21,lmariotte38@amazon.de,Indonesia,57,74,92,74
118,Garald,Baggiani,22,gbaggiani39@ustream.tv,Iran,20,16,1,12
119,Iseabal,Dumphreys,24,idumphreys3a@sbwire.com,China,73,42,28,47
120,Binni,Jannasch,21,bjannasch3b@google.com.hk,Sweden,26,40,19,28
121,Archibold,Scowcraft,19,ascowcraft3c@yolasite.com,Philippines,17,95,71,61
122,Catharina,Ravel,20,cravel3d@soup.io,Ukraine,79,67,63,69
123,Averill,Rainton,18,arainton3e@go.com,Brazil,65,90,72,75
124,Dawn,Maddyson,21,dmaddyson3f@harvard.edu,Mali,35,70,0,35
125,Suzie,Hullyer,20,shullyer3g@g.co,Czech Republic,22,4,60,28
126,Rey,Gammon,20,rgammon3h@discovery.com,Russia,94,2,78,58
127,Kristian,Leinweber,20,kleinweber3i@ifeng.com,Poland,35,69,12,38
128,Sharity,Neachell,25,sneachell3j@nps.gov,Vietnam,16,31,25,24
129,Lexis,Pittson,19,lpittson3k@deviantart.com,Peru,9,7,48,21
130,Friedrick,Pember,24,fpember3l@uol.com.br,Latvia,55,52,87,64
131,Jourdain,Whitmell,18,jwhitmell3m@java.com,Portugal,63,14,99,58
132,Drusie,Baughn,21,dbaughn3n@diigo.com,Japan,8,60,42,36
133,Dukey,Greenrod,20,dgreenrod3o@printfriendly.com,China,64,28,97,63
134,Risa,Stent,23,rstent3p@fc2.com,France,42,92,11,48
135,Kessia,Larimer,25,klarimer3q@histats.com,Portugal,86,44,20,50
136,Janis,Hindrich,18,jhindrich3r@domainmarket.com,Finland,37,86,53,58
137,Cherish,Speeding,21,cspeeding3s@bloomberg.com,Brazil,61,3,35,33
138,Bertie,Fishe,25,bfishe3t@devhub.com,Colombia,67,94,70,77
139,Lorenza,Herculson,19,lherculson3u@shareasale.com,South Africa,60,67,79,68
140,Garland,Dearell,25,gdearell3v@live.com,Portugal,17,78,69,54
141,Stavro,Waltering,24,swaltering3w@so-net.ne.jp,United States,15,78,70,54
142,Stephie,Simm,19,ssimm3x@51.la,Sweden,17,49,27,31
143,Silva,O'Kenny,25,sokenny3y@wp.com,Indonesia,3,73,20,32
144,Sherlocke,Fairfull,20,sfairfull3z@clickbank.net,Canada,18,35,100,51
145,Norene,Gosnall,25,ngosnall40@trellian.com,Luxembourg,7,30,94,43
146,Bendite,Dimnage,20,bdimnage41@imdb.com,Russia,65,28,36,43
147,Mike,Arson,20,marson42@nhs.uk,Brazil,40,2,91,44
148,Alida,Ducker,19,aducker43@nydailynews.com,Russia,49,41,36,42
149,Claudie,Rushbrooke,24,crushbrooke44@msu.edu,China,50,5,99,51
150,Arabel,Meekings,23,ameekings45@soup.io,Ukraine,19,84,55,52
151,Michelle,Tallant,20,mtallant46@cpanel.net,Philippines,99,96,77,90
152,Shep,Grealy,21,sgrealy47@deliciousdays.com,China,94,26,68,62
153,Harriott,MacGillivrie,24,hmacgillivrie48@hao123.com,Russia,66,1,80,49
154,Winonah,Heal,20,wheal49@chron.com,Mexico,61,14,98,57
155,Gray,Woolveridge,25,gwoolveridge4a@newsvine.com,Philippines,78,94,34,68
156,Jobie,de Guerre,22,jdeguerre4b@github.com,China,26,1,9,12
157,Augustine,Roberds,22,aroberds4c@archive.org,Poland,20,95,77,64
158,Daile,Stork,21,dstork4d@goo.gl,Peru,94,32,85,70
159,Guillermo,Laurance,21,glaurance4e@ovh.net,Albania,13,5,48,22
160,Ceciley,Egle,19,cegle4f@slate.com,Peru,5,88,47,46
161,Anselm,Pakeman,18,apakeman4g@mail.ru,China,6,40,56,34
162,Kennett,Shovell,23,kshovell4h@phpbb.com,Indonesia,31,54,83,56
163,Kermie,Mabon,24,kmabon4i@unblog.fr,China,50,43,93,62
164,Sebastien,Gaylord,23,sgaylord4j@squarespace.com,Reunion,78,41,10,43
165,Laird,Lumby,25,llumby4k@sfgate.com,Guatemala,91,33,83,69
166,Giustina,Tagg,23,gtagg4l@sina.com.cn,Portugal,34,13,38,28
167,Horatius,Oscroft,25,hoscroft4m@ycombinator.com,China,88,89,14,63
168,Belvia,Baraja,25,bbaraja4n@unblog.fr,Indonesia,54,56,0,36
169,Poul,Farraway,21,pfarraway4o@sciencedaily.com,Czech Republic,83,41,76,66
170,Montgomery,Whisby,25,mwhisby4p@ifeng.com,Brazil,73,41,65,59
171,Woody,Croker,24,wcroker4q@rakuten.co.jp,Argentina,19,2,90,37
172,Cassie,Dawber,23,cdawber4r@timesonline.co.uk,Poland,8,43,47,32
173,Claresta,Casterton,24,ccasterton4s@sciencedirect.com,Panama,30,48,40,39
174,Velvet,Barlass,19,vbarlass4t@marriott.com,China,24,25,20,23
175,Moyra,Foulkes,24,mfoulkes4u@wunderground.com,Iraq,55,45,14,38
176,Roxi,Milham,23,rmilham4v@ox.ac.uk,Portugal,68,28,20,38
177,Nady,Oats,18,noats4w@wired.com,Poland,15,30,81,42
178,Carline,Timbrell,25,ctimbrell4x@parallels.com,Indonesia,77,69,96,80
179,Burke,Aire,21,baire4y@businessweek.com,Brazil,31,31,14,25
180,Fanchon,Leonarde,24,fleonarde4z@123-reg.co.uk,China,56,75,24,51
181,Spense,Offer,25,soffer50@army.mil,Indonesia,89,35,33,52
182,Vaclav,Danat,19,vdanat51@senate.gov,Sri Lanka,44,64,79,62
183,Terence,Rooson,20,trooson52@businessinsider.com,Vietnam,86,91,99,92
184,Gayel,Bilney,21,gbilney53@foxnews.com,United States,6,35,16,19
185,Amandie,Pittson,19,apittson54@zdnet.com,Peru,41,87,14,47
186,Sher,Copestake,20,scopestake55@live.com,Nigeria,30,22,7,19
187,Loreen,Flux,20,lflux56@marketwatch.com,China,82,75,72,76
188,Harwilll,MattiCCI,19,hmatticci57@parallels.com,Japan,98,87,26,70
189,Berthe,Rasell,22,brasell58@tinyurl.com,China,65,44,66,58
190,Lauritz,Proby,21,lproby59@google.ru,Togo,5,51,24,26
191,Isidro,Sprigg,19,isprigg5a@tripod.com,France,39,51,41,43
192,Normie,Petegree,21,npetegree5b@engadget.com,Brazil,82,37,14,44
193,Poppy,Cornell,23,pcornell5c@foxnews.com,Israel,23,54,75,50
194,Mendel,Stolz,24,mstolz5d@smh.com.au,South Africa,37,39,36,37
195,Abbe,Craig,21,acraig5e@goo.gl,Croatia,27,52,96,58
196,Foster,Dunrige,18,fdunrige5f@telegraph.co.uk,Belarus,35,28,21,28
197,Fredericka,Quarles,19,fquarles5g@dmoz.org,Poland,2,88,70,53
198,Tanya,Guyer,18,tguyer5h@oakley.com,Poland,45,24,45,38
199,Amata,Funnell,21,afunnell5i@posterous.com,Indonesia,82,2,80,54
200,Hillery,Nowlan,23,hnowlan5j@altervista.org,Argentina,22,83,60,55
201,Dannel,Sallery,18,dsallery5k@wordpress.org,Indonesia,17,2,21,13
202,Tarrah,Jerzycowski,23,tjerzycowski5l@nydailynews.com,Chad,66,26,61,51
203,Quinn,Mellon,25,qmellon5m@issuu.com,China,56,4,8,22
204,Conny,Ducker,19,cducker5n@state.tx.us,Ireland,95,21,29,48
205,Yovonnda,Gillebride,18,ygillebride5o@microsoft.com,China,62,51,97,70
206,Ina,Liles,23,ililes5p@1und1.de,Swaziland,17,21,75,37
207,Brandon,Arden,25,barden5q@berkeley.edu,Iran,24,94,96,71
208,Guthry,Twinterman,25,gtwinterman5r@gravatar.com,Niger,74,6,44,41
209,Alaric,Wasling,25,awasling5s@diigo.com,Portugal,34,31,17,27
210,Gerardo,Laugherane,23,glaugherane5t@moonfruit.com,Brazil,8,14,44,22
211,Editha,Abercrombie,25,eabercrombie5u@woothemes.com,Indonesia,73,34,7,38
212,Jerrie,Queyeiro,19,jqueyeiro5v@aol.com,Indonesia,23,70,19,37
213,Toiboid,Menary,20,tmenary5w@paginegialle.it,Russia,50,91,69,70
214,Therese,Aloshechkin,19,taloshechkin5x@myspace.com,Ukraine,6,92,61,53
215,Sanson,Bilbrooke,22,sbilbrooke5y@icq.com,China,73,33,52,52
216,Isobel,Shadrack,20,ishadrack5z@google.co.uk,Brazil,72,15,21,36
217,Cassandry,Lauridsen,19,clauridsen60@i2i.jp,Indonesia,17,12,66,31
218,Ed,Doree,24,edoree61@theatlantic.com,Poland,29,23,20,24
219,Farrah,Fryman,23,ffryman62@utexas.edu,Canada,47,73,82,67
220,Mattie,Kitney,24,mkitney63@examiner.com,China,51,84,64,66
221,Joete,Ousbie,19,jousbie64@hubpages.com,Poland,41,32,29,34
222,Tobe,Baxstair,20,tbaxstair65@cnbc.com,China,98,61,46,68
223,Winthrop,Simukov,20,wsimukov66@soundcloud.com,Russia,47,38,100,61
224,Dulsea,Blay,22,dblay67@noaa.gov,Poland,17,6,6,9
225,Nickie,Smyth,22,nsmyth68@mapy.cz,China,93,56,78,75
226,Broddy,Udell,21,budell69@google.ru,China,47,48,93,62
227,Kelsy,Davidavidovics,18,kdavidavidovics6a@google.pl,Indonesia,65,52,72,63
228,Harris,Foggarty,22,hfoggarty6b@infoseek.co.jp,Russia,65,10,10,28
229,Benedikt,Hateley,21,bhateley6c@guardian.co.uk,Sweden,56,38,94,62
230,Antons,McCleod,19,amccleod6d@utexas.edu,China,80,32,85,65
231,Bernetta,Sexti,20,bsexti6e@domainmarket.com,France,20,31,66,39
232,Gaylord,Crumley,25,gcrumley6f@upenn.edu,Peru,99,88,84,90
233,Vassily,Levee,24,vlevee6g@weebly.com,Sweden,25,24,9,19
234,Kristina,Twells,21,ktwells6h@google.com.hk,Argentina,60,74,60,64
235,Heda,Johnsee,19,hjohnsee6i@state.gov,China,54,48,22,41
236,Mikel,Tearny,24,mtearny6j@auda.org.au,Russia,65,33,31,43
237,Hermia,Scimoni,18,hscimoni6k@imageshack.us,China,51,13,86,50
238,Auberon,Rogeron,20,arogeron6l@apple.com,China,24,88,61,57
239,Wolf,Maffulli,21,wmaffulli6m@51.la,Portugal,32,92,10,44
240,Kendricks,Aldwich,24,kaldwich6n@moonfruit.com,Czech Republic,57,13,37,35
241,Vicki,Davidovics,19,vdavidovics6o@amazon.com,China,32,57,92,60
242,Chilton,Caff,20,ccaff6p@parallels.com,Brazil,9,1,47,19
243,Addy,Bolam,20,abolam6q@cyberchimps.com,China,8,20,53,27
244,Allegra,Doeg,23,adoeg6r@cyberchimps.com,Luxembourg,42,83,8,44
245,Sigismund,Showte,25,sshowte6s@about.me,Sweden,10,78,68,52
246,Lancelot,Northedge,18,lnorthedge6t@nymag.com,China,73,88,61,74
247,Angelia,Probin,21,aprobin6u@virginia.edu,Mauritius,34,10,91,45
248,Lamont,Pettegre,18,lpettegre6v@comcast.net,Philippines,59,86,98,81
249,Gerrie,McInteer,21,gmcinteer6w@springer.com,Brazil,68,32,5,35
250,Carmita,Ewestace,22,cewestace6x@etsy.com,South Korea,30,60,68,52
251,Arv,Sallier,24,asallier6y@cargocollective.com,Philippines,8,97,30,45
252,Gwenneth,Poytress,24,gpoytress6z@sourceforge.net,Czech Republic,90,54,99,81
253,Tammie,Ferroni,22,tferroni70@miibeian.gov.cn,Sweden,60,23,29,37
254,Blake,Minci,22,bminci71@senate.gov,China,64,95,71,76
255,Oralia,Hankinson,19,ohankinson72@example.com,Indonesia,91,24,62,59
256,Caryl,Cannon,19,ccannon73@skyrock.com,Portugal,2,34,71,35
257,Freddy,Pilfold,20,fpilfold74@auda.org.au,Cuba,56,69,71,65
258,Brock,Farenden,19,bfarenden75@istockphoto.com,China,83,70,95,82
259,Yardley,Highwood,23,yhighwood76@statcounter.com,Finland,3,79,46,42
260,Phylis,Cranstone,20,pcranstone77@cdc.gov,Russia,81,41,25,49
261,Merola,Jeary,18,mjeary78@google.com,Indonesia,94,13,5,37
262,Jude,Van der Hoeven,23,jvanderhoeven79@google.co.jp,Indonesia,78,27,88,64
263,Hurley,Frantsev,22,hfrantsev7a@networkadvertising.org,Philippines,31,70,53,51
264,Marris,Driver,23,mdriver7b@free.fr,Brazil,1,68,62,43
265,Cari,Gladman,21,cgladman7c@bigcartel.com,Portugal,77,94,61,77
266,Amalee,Sancraft,20,asancraft7d@last.fm,Azerbaijan,44,49,85,59
267,Aprilette,Tejero,23,atejero7e@e-recht24.de,China,17,27,1,15
268,Winonah,Simao,21,wsimao7f@nhs.uk,China,21,52,26,33
269,Justinian,Hearons,20,jhearons7g@etsy.com,China,93,23,75,63
270,Stacee,Standell,20,sstandell7h@xrea.com,Indonesia,16,85,84,61
271,Chet,Worlock,25,cworlock7i@japanpost.jp,Indonesia,18,65,62,48
272,Karlan,Layborn,23,klayborn7j@deviantart.com,Afghanistan,37,98,18,51
273,Roselle,Filipson,21,rfilipson7k@rambler.ru,Philippines,67,41,55,54
274,Konrad,Powderham,21,kpowderham7l@themeforest.net,Estonia,70,25,85,60
275,Angy,Lashbrook,20,alashbrook7m@google.fr,United States,35,69,66,56
276,Jerad,Peatt,22,jpeatt7n@census.gov,Philippines,82,18,51,50
277,Hally,Loveman,18,hloveman7o@arizona.edu,Taiwan,32,71,52,51
278,Mickey,Bryceson,21,mbryceson7p@unc.edu,Peru,57,21,51,43
279,Arthur,Don,22,adon7q@tripadvisor.com,China,38,33,87,52
280,Dix,Zink,18,dzink7r@japanpost.jp,Somalia,35,18,26,26
281,Pearline,Studdert,24,pstuddert7s@g.co,Russia,53,43,33,43
282,Horacio,Trayes,20,htrayes7t@zdnet.com,United States,26,34,6,22
283,Waneta,Ickov,20,wickov7u@fema.gov,Philippines,0,40,18,19
284,Margaretta,Lissemore,22,mlissemore7v@youtube.com,China,9,96,89,64
285,Stanislaus,Bennison,19,sbennison7w@ocn.ne.jp,Philippines,96,71,12,59
286,Lil,Crips,21,lcrips7x@vistaprint.com,Colombia,18,3,64,28
287,Andreana,Beale,23,abeale7y@free.fr,Indonesia,72,5,35,37
288,Grata,Garnett,23,ggarnett7z@about.me,Argentina,16,49,48,37
289,Josephina,Grayshan,20,jgrayshan80@home.pl,Philippines,69,92,11,57
290,Casar,Chantillon,20,cchantillon81@privacy.gov.au,Sweden,84,47,34,55
291,Lucilia,Le-Good,23,llegood82@hao123.com,Albania,0,3,95,32
292,Ardine,Benoit,22,abenoit83@wikia.com,Colombia,59,45,86,63
293,Marylou,Antosik,21,mantosik84@admin.ch,Ukraine,61,25,18,34
294,Bron,Simmank,24,bsimmank85@state.gov,Ukraine,38,37,98,57
295,Timotheus,Florio,21,tflorio86@google.com.au,Brazil,53,8,27,29
296,Ty,Merrall,19,tmerrall87@ucoz.com,France,36,86,46,56
297,Jobi,Philpot,19,jphilpot88@opera.com,Croatia,60,39,4,34
298,Giulio,Endon,20,gendon89@posterous.com,Poland,31,24,44,33
299,Alma,Collopy,24,acollopy8a@smh.com.au,Indonesia,7,69,67,47
300,Doroteya,Jantet,19,djantet8b@answers.com,Israel,79,1,100,60
301,Benyamin,Troup,24,btroup8c@disqus.com,France,27,46,80,51
302,Babara,Beldon,18,bbeldon8d@elegantthemes.com,United States,38,13,38,29
303,Moyra,Wagen,23,mwagen8e@plala.or.jp,Portugal,64,14,45,41
304,Gleda,Scorton,24,gscorton8f@reuters.com,Spain,98,14,88,66
305,Fritz,Tupp,24,ftupp8g@etsy.com,France,82,25,97,68
306,Camila,Scotter,24,cscotter8h@sitemeter.com,Japan,94,90,6,63
307,Ciel,Fippe,22,cfippe8i@nasa.gov,Indonesia,84,24,5,37
308,Jeramie,Parriss,25,jparriss8j@exblog.jp,China,49,4,50,34
309,Giuditta,Havik,22,ghavik8k@google.com.au,Albania,34,54,83,57
310,Kylen,Dean,24,kdean8l@businessweek.com,Japan,15,57,2,24
311,Benoit,Calderonello,25,bcalderonello8m@discuz.net,China,89,33,21,47
312,Samara,Hemphall,19,shemphall8n@epa.gov,Philippines,58,0,61,39
313,Engelbert,Turney,19,eturney8o@ted.com,Mexico,51,86,84,73
314,Donaugh,Anstice,23,danstice8p@hhs.gov,China,54,19,58,43
315,Cole,Deverick,18,cdeverick8q@washingtonpost.com,Dominican Republic,37,38,42,39
316,Peria,Stoves,22,pstoves8r@unicef.org,Costa Rica,32,72,33,45
317,Meryl,Klugel,20,mklugel8s@ebay.co.uk,China,82,1,19,34
318,Dewain,Siehard,22,dsiehard8t@irs.gov,China,10,89,16,38
319,Marianne,Mulbry,19,mmulbry8u@exblog.jp,Chile,37,42,43,40
320,Babbie,Laydel,22,blaydel8v@utexas.edu,Poland,87,35,22,48
321,Desiree,Hamlett,22,dhamlett8w@chron.com,Ethiopia,21,74,85,60
322,Annadiane,Antonov,18,aantonov8x@globo.com,Indonesia,26,17,46,29
323,Stanford,Greader,23,sgreader8y@skype.com,China,36,87,25,49
324,Jerrie,Rackstraw,23,jrackstraw8z@bluehost.com,Brazil,70,61,63,64
325,Byrom,Verheijden,21,bverheijden90@bandcamp.com,Poland,40,28,48,38
326,Nikolai,Headingham,21,nheadingham91@imdb.com,Poland,14,67,30,37
327,Minerva,McKenney,22,mmckenney92@example.com,Sweden,11,62,31,34
328,Isabelle,Johnsson,25,ijohnsson93@typepad.com,Russia,8,7,57,24
329,Braden,Newcomen,24,bnewcomen94@soundcloud.com,Brazil,60,72,35,55
330,Willie,Kilpatrick,22,wkilpatrick95@hp.com,Portugal,9,3,78,30
331,Nettie,Sparsholt,25,nsparsholt96@printfriendly.com,Czech Republic,76,87,59,74
332,Olympe,Hartill,22,ohartill97@vistaprint.com,Portugal,71,91,87,83
333,Lorrie,Dace,25,ldace98@netlog.com,Serbia,49,100,74,74
334,Antonetta,Atkins,23,aatkins99@xing.com,Ukraine,67,3,82,50
335,Mandel,Whyte,23,mwhyte9a@blogspot.com,Mauritius,11,49,69,43
336,Inger,Twiddell,18,itwiddell9b@tumblr.com,France,9,9,89,35
337,Dede,Melmar,23,dmelmar9c@yellowbook.com,Mexico,98,10,78,62
338,Ebenezer,Isakovitch,23,eisakovitch9d@ucoz.com,Colombia,34,43,15,30
339,Zuzana,Meek,21,zmeek9e@earthlink.net,Georgia,64,91,26,60
340,Kelly,Roseby,20,kroseby9f@tamu.edu,Peru,68,36,66,56
341,Rachele,Ianitti,25,rianitti9g@europa.eu,Philippines,89,47,89,75
342,Rodrique,Madgewick,20,rmadgewick9h@woothemes.com,Philippines,69,44,92,68
343,Helsa,Cockill,21,hcockill9i@opera.com,Venezuela,98,58,6,54
344,Locke,Bruhnke,18,lbruhnke9j@lulu.com,Peru,4,73,85,54
345,Ambrose,Temprell,18,atemprell9k@ezinearticles.com,Poland,37,10,72,39
346,Iseabal,Bendall,23,ibendall9l@usgs.gov,China,22,76,5,34
347,Halsey,Sanham,25,hsanham9m@blogs.com,United States,96,36,4,45
348,Julianne,Garfit,19,jgarfit9n@bbc.co.uk,Estonia,31,13,81,41
349,Cecil,Abberley,20,cabberley9o@e-recht24.de,Portugal,22,65,42,43
350,Martica,Davidi,19,mdavidi9p@google.com.hk,China,82,56,99,79
351,Caterina,Harriott,19,charriott9q@google.de,Peru,23,91,35,49
352,Shana,Winsbury,22,swinsbury9r@nps.gov,China,82,7,58,49
353,Saunderson,McNess,19,smcness9s@cpanel.net,Ukraine,99,53,57,69
354,Nickolai,Thurber,19,nthurber9t@amazon.co.jp,Philippines,32,27,58,39
355,Patsy,Saich,22,psaich9u@zimbio.com,Russia,74,68,31,57
356,Jasun,Lascell,25,jlascell9v@geocities.jp,Spain,5,80,49,44
357,Lilia,Wilne,22,lwilne9w@com.com,Bangladesh,13,48,81,47
358,Jilly,Caddock,18,jcaddock9x@sohu.com,Thailand,99,23,15,45
359,Manolo,Benz,21,mbenz9y@skype.com,China,61,59,76,65
360,Holli,Schonfeld,23,hschonfeld9z@reddit.com,China,47,45,69,53
361,Golda,Flather,23,gflathera0@xing.com,Indonesia,18,75,71,54
362,Carline,Bremmell,23,cbremmella1@admin.ch,France,63,32,38,44
363,Bibbie,Saffer,23,bsaffera2@icio.us,China,65,9,27,33
364,Fredi,Shailer,22,fshailera3@cdc.gov,Portugal,4,2,71,25
365,Nikolaos,Runchman,24,nrunchmana4@mapy.cz,Portugal,89,55,21,55
366,Coretta,Maginn,22,cmaginna5@reverbnation.com,Indonesia,100,17,84,67
367,Kevon,Giggie,18,kgiggiea6@github.io,Luxembourg,84,35,20,46
368,Dorri,Santus,20,dsantusa7@youtu.be,Croatia,49,5,16,23
369,Georgeta,Aleksidze,21,galeksidzea8@people.com.cn,Portugal,50,94,96,80
370,Ursuline,Sitch,21,usitcha9@cbslocal.com,Ireland,56,97,17,56
371,Bert,Sember,20,bsemberaa@earthlink.net,China,47,68,39,51
372,Veronike,Dwelley,22,vdwelleyab@wordpress.com,China,36,86,77,66
373,Linet,Fobidge,21,lfobidgeac@surveymonkey.com,Belarus,89,22,93,68
374,Yalonda,Pamplin,19,ypamplinad@quantcast.com,China,80,64,5,49
375,Anastasie,Wilbor,19,awilborae@drupal.org,Portugal,2,10,21,11
376,Byrle,Lyste,19,blysteaf@meetup.com,Dominican Republic,81,46,98,75
377,Wat,Iozefovich,24,wiozefovichag@smugmug.com,Brazil,74,5,55,44
378,Elisha,Lambrook,25,elambrookah@house.gov,Indonesia,44,75,29,49
379,Modestine,Johnys,25,mjohnysai@360.cn,China,42,31,49,40
380,Gwennie,Hischke,18,ghischkeaj@bigcartel.com,Philippines,94,83,17,64
381,Herve,Rubinchik,23,hrubinchikak@hc360.com,Indonesia,7,85,43,45
382,Tawnya,Waddy,18,twaddyal@last.fm,China,98,80,50,76
383,Iolanthe,Noore,24,inooream@guardian.co.uk,Ukraine,85,78,49,70
384,Gavra,Gatehouse,20,ggatehousean@earthlink.net,Indonesia,48,24,34,35
385,Rod,Podbury,19,rpodburyao@ucoz.com,China,77,87,95,86
386,Delainey,Dumbleton,24,ddumbletonap@dyndns.org,South Africa,58,12,47,39
387,Miguel,Karmel,22,mkarmelaq@mapy.cz,Ecuador,48,28,36,37
388,Gretta,Shird,20,gshirdar@psu.edu,Dominican Republic,85,60,57,67
389,Babara,Franchioni,25,bfranchionias@weibo.com,Argentina,40,16,7,21
390,Norbert,Boldison,22,nboldisonat@addtoany.com,Russia,15,40,89,48
391,Earlie,Luparti,25,elupartiau@hc360.com,Slovenia,12,96,100,69
392,Robbie,Illem,23,rillemav@discuz.net,Greece,48,87,8,47
393,Jemmie,Neem,22,jneemaw@moonfruit.com,Austria,36,78,88,67
394,Maddi,O'Callaghan,18,mocallaghanax@e-recht24.de,Canada,15,68,93,58
395,Ellary,Broske,20,ebroskeay@howstuffworks.com,Indonesia,93,72,40,68
396,Britte,Kelson,24,bkelsonaz@jiathis.com,Spain,14,92,70,58
397,Fenelia,Ford,25,ffordb0@taobao.com,Philippines,5,60,22,29
398,Hailee,Eskrigge,19,heskriggeb1@cbc.ca,Sweden,35,14,32,27
399,Anstice,Juszkiewicz,19,ajuszkiewiczb2@fda.gov,Peru,32,76,78,62
400,Kelsey,Postlewhite,24,kpostlewhiteb3@flickr.com,Brazil,16,48,37,33
401,Lon,Kernock,25,lkernockb4@abc.net.au,Poland,21,32,58,37
402,Fairfax,Sidden,21,fsiddenb5@paginegialle.it,China,42,61,33,45
403,Andra,Garnar,23,agarnarb6@hc360.com,Japan,59,71,73,67
404,Taffy,Hessentaler,21,thessentalerb7@usatoday.com,Luxembourg,43,93,66,67
405,Cherri,Lainton,23,claintonb8@theatlantic.com,Colombia,53,67,79,66
406,Costanza,Januszkiewicz,19,cjanuszkiewiczb9@vkontakte.ru,Morocco,63,96,18,59
407,Izaak,Saxton,21,isaxtonba@dell.com,China,43,30,59,44
408,Gerick,Baumadier,23,gbaumadierbb@miitbeian.gov.cn,China,42,61,97,66
409,Anitra,Poad,19,apoadbc@arstechnica.com,Madagascar,50,71,8,43
410,Teddi,Furmenger,20,tfurmengerbd@eventbrite.com,Indonesia,71,49,89,69
411,Jacintha,Rosenkrantz,24,jrosenkrantzbe@dmoz.org,China,64,2,54,40
412,Beulah,Gruszecki,18,bgruszeckibf@blogtalkradio.com,China,96,23,35,51
413,Donnie,Gilstin,20,dgilstinbg@tinyurl.com,Guatemala,50,14,67,43
414,Arabella,Scoyne,23,ascoynebh@networkadvertising.org,China,47,1,17,21
415,Lem,Clelle,25,lclellebi@mail.ru,Slovenia,90,27,92,69
416,Shari,Ratnege,18,sratnegebj@seesaa.net,Slovenia,22,76,61,53
417,Michail,Stonhard,21,mstonhardbk@freewebs.com,United States,17,16,0,11
418,Modesty,Berriman,23,mberrimanbl@loc.gov,China,52,8,72,44
419,Sondra,Zorzini,25,szorzinibm@networkadvertising.org,France,57,38,28,41
420,Matt,Braunfeld,24,mbraunfeldbn@cocolog-nifty.com,Venezuela,61,69,28,52
421,Reese,Soame,20,rsoamebo@com.com,Germany,86,0,28,38
422,Chevy,Sidey,22,csideybp@columbia.edu,Senegal,38,81,85,68
423,Monti,Mountney,19,mmountneybq@upenn.edu,Colombia,12,5,19,12
424,Pen,Lemmers,19,plemmersbr@disqus.com,China,78,65,24,55
425,Demetris,Maillard,21,dmaillardbs@patch.com,Australia,1,41,43,28
426,Sanders,Gladbeck,19,sgladbeckbt@skyrock.com,Indonesia,96,44,32,57
427,Adriena,Kentish,21,akentishbu@goodreads.com,Peru,20,11,65,32
428,Mariellen,Pitceathly,19,mpitceathlybv@t.co,Indonesia,45,44,34,41
429,Ethelind,Knevet,24,eknevetbw@cbslocal.com,Israel,97,94,59,83
430,Mortie,Sorrie,20,msorriebx@freewebs.com,Argentina,91,83,3,59
431,Tam,Dansken,23,tdanskenby@harvard.edu,China,13,68,54,45
432,Cordie,Fossett,25,cfossettbz@addthis.com,Poland,49,10,2,20
433,Lou,Tapley,24,ltapleyc0@163.com,Argentina,49,20,86,51
434,Annalee,Bolingbroke,22,abolingbrokec1@census.gov,China,90,35,17,47
435,Idell,Salvatore,20,isalvatorec2@state.tx.us,United States,92,25,64,60
436,Walden,Widdowes,18,wwiddowesc3@php.net,Philippines,22,12,84,39
437,Cletus,Dolan,20,cdolanc4@newyorker.com,Greece,0,44,17,20
438,Alma,Sadat,24,asadatc5@nyu.edu,China,58,5,23,28
439,Corabelle,Hibling,18,chiblingc6@nifty.com,Indonesia,2,76,78,52
440,Vin,Pettingall,18,vpettingallc7@oracle.com,China,54,88,18,53
441,Dwayne,Binnall,24,dbinnallc8@icio.us,Russia,45,75,23,47
442,Justinn,Sprigg,21,jspriggc9@google.fr,Japan,65,5,61,43
443,Marshal,Bladge,25,mbladgeca@whitehouse.gov,Greece,39,10,91,46
444,Christiano,Haszard,23,chaszardcb@smh.com.au,Indonesia,37,40,91,56
445,Emalia,Cockling,21,ecocklingcc@cpanel.net,Poland,80,75,1,52
446,Bealle,Mickleborough,20,bmickleboroughcd@stanford.edu,Czech Republic,62,79,27,56
447,Adora,Kee,20,akeece@merriam-webster.com,China,85,72,19,58
448,Niel,McColgan,18,nmccolgancf@ucoz.ru,Russia,56,63,3,40
449,Frankie,Dressel,18,fdresselcg@prlog.org,Russia,24,67,57,49
450,Irene,Van Geffen,23,ivangeffench@lulu.com,Philippines,12,9,64,28
451,Dorette,O'Corren,19,docorrenci@smugmug.com,Brazil,98,14,11,41
452,Misti,Venton,24,mventoncj@cafepress.com,Syria,74,41,33,49
453,Georgeanne,Tomasutti,20,gtomasuttick@bravesites.com,Finland,23,1,26,16
454,Janos,Blanckley,22,jblanckleycl@privacy.gov.au,Kazakhstan,91,0,40,43
455,Adriaens,Coventon,23,acoventoncm@guardian.co.uk,Russia,97,12,48,52
456,Kandy,Algar,23,kalgarcn@unicef.org,China,37,37,45,39
457,Pansie,Rattray,23,prattrayco@forbes.com,Russia,56,11,12,26
458,Verna,Harriss,18,vharrisscp@quantcast.com,Peru,41,78,18,45
459,Karisa,Brocks,23,kbrockscq@dot.gov,China,94,21,15,43
460,Bobbye,Crann,20,bcranncr@rakuten.co.jp,China,23,23,89,45
461,Aubrey,Beddoes,24,abeddoescs@youku.com,Indonesia,13,29,85,42
462,Gretchen,Olohan,21,golohanct@kickstarter.com,Philippines,21,6,47,24
463,Quintin,Foxley,23,qfoxleycu@java.com,Sweden,92,76,6,58
464,Dolores,Sharland,19,dsharlandcv@cargocollective.com,France,55,2,93,50
465,Upton,Bardwell,21,ubardwellcw@weebly.com,Mongolia,34,95,5,44
466,Helen-elizabeth,Hullbrook,22,hhullbrookcx@microsoft.com,Sweden,54,41,15,36
467,Drusy,Sinnat,25,dsinnatcy@naver.com,Vietnam,3,23,35,20
468,Ezmeralda,Cettell,22,ecettellcz@github.com,Ireland,15,75,6,32
469,Ajay,Whapham,24,awhaphamd0@desdev.cn,Indonesia,31,7,62,33
470,Locke,Yurshev,24,lyurshevd1@narod.ru,Serbia,80,13,39,44
471,Georgiana,Hachard,21,ghachardd2@unicef.org,Panama,72,91,97,86
472,Darci,Enderwick,22,denderwickd3@kickstarter.com,Mongolia,90,98,67,85
473,Jamie,Ghest,20,jghestd4@va.gov,Portugal,79,23,65,55
474,Levi,Brayford,23,lbrayfordd5@ucoz.ru,Sweden,61,46,69,58
475,Nataniel,Tungay,20,ntungayd6@uol.com.br,Poland,52,16,45,37
476,Hendrik,Bowling,19,hbowlingd7@ibm.com,Latvia,69,20,41,43
477,Alfreda,Crabbe,22,acrabbed8@cbc.ca,Peru,90,2,78,56
478,Rozalin,Alltimes,24,ralltimesd9@whitehouse.gov,Guatemala,72,31,74,59
479,Avrom,Payne,19,apayneda@moonfruit.com,Czech Republic,51,99,99,83
480,Kile,Geare,22,kgearedb@hibu.com,Malta,31,35,24,30
481,Gregg,Teulier,19,gteulierdc@scribd.com,Colombia,57,21,23,33
482,Margret,MacKellar,23,mmackellardd@networkadvertising.org,Chile,25,61,66,50
483,Joshuah,De Hooch,22,jdehoochde@opensource.org,Canada,30,100,96,75
484,Beret,Noell,22,bnoelldf@gnu.org,United States,54,24,67,48
485,Linoel,Filintsev,22,lfilintsevdg@princeton.edu,Russia,5,85,26,38
486,Cristabel,Izzett,18,cizzettdh@go.com,Indonesia,90,76,7,57
487,Norby,Roxby,23,nroxbydi@pinterest.com,Spain,29,30,67,42
488,Minda,Daintith,20,mdaintithdj@berkeley.edu,Indonesia,12,2,22,12
489,Jerrilyn,Redhole,19,jredholedk@cnet.com,Malaysia,81,100,68,83
490,Janey,Brinkman,19,jbrinkmandl@ebay.co.uk,China,80,60,37,59
491,Gipsy,Borzone,18,gborzonedm@prnewswire.com,China,1,51,50,34
492,Christyna,Bachelar,19,cbachelardn@cafepress.com,Haiti,11,18,98,42
493,Tomi,Foot,18,tfootdo@sphinn.com,Brazil,22,28,22,24
494,Cozmo,Rolland,20,crollanddp@seesaa.net,Israel,56,12,39,35
495,Goran,Pizey,24,gpizeydq@ted.com,Portugal,55,72,13,46
496,Bard,Gatheridge,21,bgatheridgedr@apple.com,Sweden,32,89,38,53
497,Aleda,Whittier,22,awhittierds@yolasite.com,China,75,7,89,57
498,Kassie,Boseley,24,kboseleydt@diigo.com,Portugal,70,97,66,77
499,Lemmie,Cudby,18,lcudbydu@mysql.com,Indonesia,78,88,68,78
500,Humfried,Axelby,20,haxelbydv@virginia.edu,Mexico,42,63,46,50
501,Roth,Arcase,24,rarcasedw@livejournal.com,China,23,96,92,70
502,Mirelle,Dutteridge,25,mdutteridgedx@meetup.com,China,48,59,8,38
503,Leeann,Gruszczak,24,lgruszczakdy@twitter.com,France,81,39,16,45
504,Arabele,Malins,23,amalinsdz@hubpages.com,China,45,58,24,42
505,Erastus,Lydiatt,25,elydiatte0@istockphoto.com,Ukraine,44,52,17,37
506,Clementine,Poulden,25,cpouldene1@shutterfly.com,Sweden,61,92,47,66
507,Fanni,Yu,21,fyue2@businesswire.com,Philippines,92,52,58,67
508,Conny,Tidcombe,23,ctidcombee3@de.vu,Indonesia,58,84,69,70
509,Frans,Shoute,25,fshoutee4@nyu.edu,Indonesia,21,22,92,45
510,Moss,Boylund,19,mboylunde5@sphinn.com,Bulgaria,54,96,52,67
511,Syd,Linscott,18,slinscotte6@cbsnews.com,Russia,26,10,29,21
512,Karon,Mendenhall,19,kmendenhalle7@angelfire.com,Honduras,55,78,44,59
513,Nicky,Medlen,21,nmedlene8@lycos.com,Indonesia,44,31,72,49
514,Gabby,Widger,23,gwidgere9@bloglines.com,Iran,24,59,75,52
515,Jessika,Cowmeadow,22,jcowmeadowea@smugmug.com,Ukraine,7,64,30,33
516,Constantin,Frisdick,20,cfrisdickeb@ca.gov,Canada,71,2,69,47
517,Forester,Wooles,21,fwoolesec@mozilla.org,Venezuela,60,25,39,41
518,Grantham,Garrould,25,ggarroulded@g.co,Philippines,12,79,4,31
519,Carina,Jarvie,25,cjarvieee@cnet.com,Micronesia,53,100,36,63
520,Dyna,Margrett,18,dmargrettef@freewebs.com,Brazil,55,46,86,62
521,Murdoch,Piesing,24,mpiesingeg@uol.com.br,Ukraine,50,98,7,51
522,Camile,Beldom,24,cbeldomeh@deliciousdays.com,Russia,84,75,74,77
523,Boyce,Spandley,25,bspandleyei@phoca.cz,South Africa,32,99,7,46
524,Natty,Tole,25,ntoleej@diigo.com,China,57,16,35,36
525,Nelie,Kordova,20,nkordovaek@ucsd.edu,Peru,87,45,52,61
526,Brucie,Peddie,19,bpeddieel@technorati.com,Dominican Republic,42,74,63,59
527,Bearnard,Telford,18,btelfordem@soundcloud.com,Russia,24,49,94,55
528,Mariam,Braybrook,19,mbraybrooken@amazon.com,China,17,40,69,42
529,Blisse,Ventum,21,bventumeo@clickbank.net,China,85,52,43,60
530,Arvy,McGirr,18,amcgirrep@hatena.ne.jp,Denmark,73,24,55,50
531,Garnette,St Leger,25,gstlegereq@furl.net,China,78,98,88,88
532,Heriberto,Garr,23,hgarrer@altervista.org,Indonesia,38,29,62,43
533,Jobey,Pilipets,20,jpilipetses@intel.com,Russia,3,87,47,45
534,Scotti,Cuttles,18,scuttleset@google.co.jp,China,30,36,43,36
535,Junette,Lulham,23,jlulhameu@nbcnews.com,Nicaragua,52,5,43,33
536,Carny,Letford,20,cletfordev@canalblog.com,Brazil,28,31,65,41
537,Rori,Sparry,20,rsparryew@illinois.edu,China,59,58,91,69
538,Donny,Duggan,18,ddugganex@yahoo.com,Indonesia,5,90,52,49
539,Thea,Hegel,21,thegeley@is.gd,Vietnam,29,90,29,49
540,Jackelyn,Lovejoy,20,jlovejoyez@irs.gov,United States,18,11,83,37
541,Brice,Kellett,21,bkellettf0@clickbank.net,China,36,15,20,23
542,Pebrook,Keyse,22,pkeysef1@vistaprint.com,China,37,16,99,50
543,Gabie,Lavington,23,glavingtonf2@webmd.com,Cameroon,74,47,25,48
544,Grayce,Boshere,25,gbosheref3@desdev.cn,China,60,98,37,65
545,Jarrad,Kerwin,20,jkerwinf4@amazonaws.com,Macedonia,61,59,39,53
546,Jock,Richford,21,jrichfordf5@nifty.com,Indonesia,27,26,2,18
547,Estrella,Molfino,21,emolfinof6@jalbum.net,France,89,84,39,70
548,Tanney,Bunkle,23,tbunklef7@flickr.com,Greece,22,83,85,63
549,Jody,Hartas,19,jhartasf8@woothemes.com,Armenia,89,39,92,73
550,Archer,Vinker,22,avinkerf9@ucla.edu,China,46,94,84,74
551,Northrup,Bonellie,19,nbonelliefa@google.de,Slovenia,0,98,51,49
552,Dinnie,Camp,22,dcampfb@imdb.com,Portugal,80,51,13,48
553,Verne,Scraney,20,vscraneyfc@yahoo.com,China,59,79,51,63
554,Carlen,Cardon,25,ccardonfd@creativecommons.org,Nigeria,22,59,63,48
555,Marlow,O'Rudden,20,moruddenfe@reference.com,Portugal,23,86,34,47
556,Ingamar,Creedland,18,icreedlandff@unicef.org,China,36,91,37,54
557,Brockie,Gleaves,23,bgleavesfg@thetimes.co.uk,Canada,84,79,84,82
558,Raphaela,Hing,18,rhingfh@clickbank.net,Mongolia,71,72,86,76
559,Kristine,Ell,24,kellfi@independent.co.uk,Brazil,99,67,27,64
560,Garrard,Lidell,23,glidellfj@bigcartel.com,China,3,49,49,33
561,Dalt,Innot,19,dinnotfk@statcounter.com,Brazil,91,21,6,39
562,Wain,Borleace,18,wborleacefl@de.vu,Philippines,72,44,38,51
563,Gery,Blucher,21,gblucherfm@whitehouse.gov,Indonesia,21,51,42,38
564,Phaidra,Drynan,18,pdrynanfn@seesaa.net,Ukraine,72,21,93,62
565,Pietra,Pontefract,23,ppontefractfo@1und1.de,Jordan,22,51,65,46
566,Tymon,Gillebert,19,tgillebertfp@geocities.jp,Japan,4,81,81,55
567,Augustina,Biasioli,20,abiasiolifq@huffingtonpost.com,Russia,35,5,14,18
568,Aubrey,Parmby,23,aparmbyfr@infoseek.co.jp,France,27,87,16,43
569,Cora,Sedwick,24,csedwickfs@reference.com,Indonesia,13,53,35,33
570,Clarisse,Ledes,24,cledesft@samsung.com,Indonesia,93,95,29,72
571,Palm,Marflitt,19,pmarflittfu@amazon.com,France,28,96,22,48
572,Marguerite,MacKeague,21,mmackeaguefv@google.it,Ukraine,17,98,34,49
573,Mady,Nockells,20,mnockellsfw@jugem.jp,Philippines,68,95,82,81
574,Lynnet,Fayerman,25,lfayermanfx@epa.gov,China,5,62,86,51
575,Bary,Renahan,23,brenahanfy@weibo.com,Japan,96,92,1,63
576,Bailey,Deeney,20,bdeeneyfz@netvibes.com,China,76,89,96,87
577,Garik,MacGaughie,23,gmacgaughieg0@aboutads.info,Cameroon,97,71,15,61
578,Jeannie,Crowch,22,jcrowchg1@tripadvisor.com,Nigeria,18,3,45,22
579,Codi,Kleinstub,25,ckleinstubg2@vinaora.com,Kuwait,23,28,26,25
580,Ulrich,Blake,21,ublakeg3@edublogs.org,Central African Republic,16,30,50,32
581,Jamaal,Cowely,22,jcowelyg4@issuu.com,Portugal,94,87,64,81
582,Shelby,Ceyssen,24,sceysseng5@statcounter.com,Bosnia and Herzegovina,49,1,11,20
583,Felike,Devoy,20,fdevoyg6@seesaa.net,Mexico,22,93,100,71
584,Letta,Ginman,20,lginmang7@patch.com,China,97,66,75,79
585,Valma,Pulbrook,18,vpulbrookg8@tripadvisor.com,Indonesia,94,80,57,77
586,Faye,Ramstead,24,framsteadg9@jugem.jp,Armenia,58,58,73,63
587,Ebenezer,Philipeaux,19,ephilipeauxga@senate.gov,Brazil,12,12,97,40
588,Sibel,Kettlestring,24,skettlestringgb@tiny.cc,Kuwait,70,85,10,55
589,Beauregard,Halleday,19,bhalledaygc@webnode.com,Russia,1,61,25,29
590,Jackie,Van Halen,20,jvanhalengd@reverbnation.com,United States,29,38,20,29
591,Jacquenetta,Cristofalo,24,jcristofaloge@adobe.com,Argentina,43,95,63,67
592,Raffaello,Scatcher,22,rscatchergf@soup.io,United States,81,28,18,42
593,Angela,Bernade,22,abernadegg@nyu.edu,Indonesia,61,24,69,51
594,Hendrick,Gulliver,24,hgullivergh@telegraph.co.uk,Czech Republic,81,62,45,62
595,Connor,Bohman,21,cbohmangi@businessinsider.com,China,68,28,11,35
596,Corabelle,Savine,24,csavinegj@pinterest.com,Japan,7,96,40,47
597,Kylie,Croster,20,kcrostergk@unesco.org,Argentina,47,93,94,78
598,Lelah,Wickrath,25,lwickrathgl@newsvine.com,Indonesia,51,18,91,53
599,Sheridan,Merredy,21,smerredygm@springer.com,China,84,6,19,36
600,Brittne,Runge,18,brungegn@rambler.ru,Brazil,100,9,99,69
601,Egor,Roddy,21,eroddygo@domainmarket.com,Colombia,96,51,20,55
602,Domeniga,Fransson,23,dfranssongp@rambler.ru,Poland,32,14,72,39
603,Francine,Berger,23,fbergergq@nymag.com,Japan,78,92,72,80
604,Cecil,Sweeten,19,csweetengr@sitemeter.com,Russia,39,79,87,68
605,Klara,O'Crigane,25,kocriganegs@tmall.com,Croatia,78,97,77,84
606,Percival,Andreacci,25,pandreaccigt@usa.gov,Philippines,55,47,86,62
607,Elset,Puig,23,epuiggu@blogger.com,Argentina,48,18,46,37
608,Silvio,Castagne,19,scastagnegv@unicef.org,Brazil,65,55,44,54
609,Aila,Acton,22,aactongw@godaddy.com,Sweden,19,56,82,52
610,Brannon,Klaas,19,bklaasgx@google.co.jp,France,56,18,96,56
611,Margarete,Ladbury,25,mladburygy@samsung.com,Iran,15,50,18,27
612,Timoteo,Briston,20,tbristongz@issuu.com,Russia,73,19,74,55
613,Nappie,McGarvey,20,nmcgarveyh0@hugedomains.com,Indonesia,80,17,97,64
614,Antoni,Fleeman,22,afleemanh1@who.int,Brazil,1,20,100,40
615,Nap,Rainsden,20,nrainsdenh2@desdev.cn,Russia,82,25,92,66
616,Athene,McLennan,19,amclennanh3@techcrunch.com,Indonesia,82,10,64,52
617,Alec,Advani,23,aadvanih4@cyberchimps.com,Canada,42,34,29,35
618,Averyl,Dale,22,adaleh5@ning.com,France,54,43,55,50
619,James,Nadin,25,jnadinh6@addthis.com,Indonesia,54,76,30,53
620,Kirbee,Dunkerly,23,kdunkerlyh7@rakuten.co.jp,China,3,5,36,14
621,Lia,Rotter,20,lrotterh8@cafepress.com,Macedonia,34,18,47,33
622,Norma,Fawbert,22,nfawberth9@irs.gov,Guam,9,29,57,31
623,Warden,Dreier,22,wdreierha@dedecms.com,Portugal,66,1,71,46
624,Mignonne,Surr,21,msurrhb@infoseek.co.jp,Poland,19,94,93,68
625,Tiebout,Garret,18,tgarrethc@fc2.com,China,20,52,83,51
626,Daffi,Ollet,22,dollethd@infoseek.co.jp,Botswana,23,49,61,44
627,Roselia,Burless,25,rburlesshe@rediff.com,Nigeria,26,57,18,33
628,Leland,O'Mahoney,18,lomahoneyhf@xrea.com,Yemen,54,58,29,47
629,Julian,Sydes,20,jsydeshg@ezinearticles.com,Brazil,69,58,21,49
630,Bathsheba,Hemphrey,19,bhemphreyhh@kickstarter.com,China,68,70,100,79
631,Hilton,Zorzetti,18,hzorzettihi@nymag.com,Greece,14,37,50,33
632,Marius,Grieswood,25,mgrieswoodhj@biblegateway.com,China,57,85,49,63
633,Sarette,Raft,19,srafthk@wikimedia.org,Russia,11,15,25,17
634,Marylee,Tupling,19,mtuplinghl@mashable.com,Indonesia,80,26,97,67
635,Ailee,Stillert,24,astillerthm@house.gov,Poland,56,49,46,50
636,Mara,Starbuck,25,mstarbuckhn@hostgator.com,China,37,25,58,40
637,Konstanze,Downe,22,kdowneho@phoca.cz,Philippines,6,20,91,39
638,Lionello,Steere,20,lsteerehp@webeden.co.uk,France,88,30,70,62
639,Ryun,Abramamovh,20,rabramamovhhq@angelfire.com,Brazil,87,15,7,36
640,Pierson,Spieck,20,pspieckhr@w3.org,Russia,84,42,80,68
641,Julina,Klimochkin,19,jklimochkinhs@nps.gov,China,82,10,81,57
642,Roscoe,Whittam,25,rwhittamht@hhs.gov,China,51,30,3,28
643,Devlen,Shoemark,18,dshoemarkhu@cbc.ca,Canada,21,38,8,22
644,Ransom,Enrdigo,23,renrdigohv@unc.edu,Latvia,38,87,63,62
645,Krystle,Fursland,21,kfurslandhw@hibu.com,Indonesia,20,81,21,40
646,Allyce,Coultas,23,acoultashx@pcworld.com,Macedonia,33,93,44,56
647,Isak,Kissick,18,ikissickhy@icio.us,South Korea,30,29,98,52
648,Linzy,McElwee,21,lmcelweehz@mapquest.com,China,95,53,54,67
649,Mead,Andras,20,mandrasi0@independent.co.uk,Malta,0,45,21,22
650,Ivett,Balas,23,ibalasi1@bloomberg.com,Comoros,68,72,43,61
651,Khalil,Roskruge,21,kroskrugei2@java.com,Portugal,34,33,96,54
652,Tommie,Marten,25,tmarteni3@uiuc.edu,Russia,11,47,100,52
653,Denver,Weyman,18,dweymani4@independent.co.uk,China,32,49,7,29
654,Ninon,Calcutt,19,ncalcutti5@4shared.com,Brazil,26,35,89,50
655,Hope,Ballay,19,hballayi6@xinhuanet.com,Philippines,97,6,31,44
656,Reggi,Korpal,19,rkorpali7@eepurl.com,Czech Republic,45,64,0,36
657,Alis,Kay,19,akayi8@ocn.ne.jp,Philippines,24,48,23,31
658,Steffen,Bater,20,sbateri9@cdc.gov,New Zealand,62,8,85,51
659,Thorpe,Cunniff,23,tcunniffia@printfriendly.com,Egypt,81,8,45,44
660,Natka,McCuish,21,nmccuishib@woothemes.com,China,36,56,4,32
661,Margo,Mendez,25,mmendezic@w3.org,Finland,90,28,53,57
662,Elinor,Lauritzen,24,elauritzenid@flavors.me,United States,1,2,93,32
663,Aurlie,Fridaye,24,afridayeie@sciencedaily.com,China,51,85,84,73
664,Duke,Petrenko,21,dpetrenkoif@google.co.jp,Honduras,15,97,65,59
665,Rudyard,Scorey,23,rscoreyig@desdev.cn,Argentina,25,1,79,35
666,Candice,Shaul,23,cshaulih@cnn.com,Senegal,60,13,31,34
667,Nigel,Moralis,25,nmoralisii@earthlink.net,United States,97,68,45,70
668,Ellie,Menichillo,19,emenichilloij@a8.net,Ivory Coast,15,76,68,53
669,Trixi,Bailiss,24,tbailissik@illinois.edu,Sweden,87,12,87,62
670,Jessie,Radden,21,jraddenil@youtu.be,China,3,31,36,23
671,Dara,Cornilli,20,dcornilliim@blogtalkradio.com,Ukraine,67,86,21,58
672,Christabella,Fero,22,cferoin@ezinearticles.com,China,40,73,27,46
673,Arlie,Hamshar,25,ahamshario@spiegel.de,China,78,94,0,57
674,Stephine,Leonida,18,sleonidaip@mtv.com,Russia,99,19,1,39
675,Gayle,Laffranconi,18,glaffranconiiq@yahoo.com,Czech Republic,82,60,42,61
676,Merrie,Wickwar,23,mwickwarir@lycos.com,Cuba,58,87,11,52
677,Orin,Foux,20,ofouxis@jiathis.com,Peru,53,39,66,52
678,Ray,Couvert,24,rcouvertit@tinypic.com,Czech Republic,56,91,48,65
679,Reginald,Orpwood,18,rorpwoodiu@cdbaby.com,Colombia,90,48,62,66
680,Abbott,Warret,18,awarretiv@yahoo.co.jp,Indonesia,47,58,68,57
681,Denna,Scorrer,19,dscorreriw@uiuc.edu,Norway,17,72,30,39
682,Madonna,Lydster,24,mlydsterix@who.int,China,65,43,13,40
683,Wake,Meah,25,wmeahiy@wikimedia.org,Czech Republic,39,34,10,27
684,Kris,Parysowna,18,kparysownaiz@diigo.com,Nigeria,9,42,36,29
685,Zoe,Rosendale,24,zrosendalej0@goo.ne.jp,China,66,71,73,70
686,Roshelle,Beggini,19,rbegginij1@ox.ac.uk,Philippines,70,99,56,75
687,Andriana,O'Kieran,25,aokieranj2@arstechnica.com,China,4,35,42,27
688,Tallulah,Flippini,25,tflippinij3@aboutads.info,Malaysia,30,39,91,53
689,Elspeth,Crawley,19,ecrawleyj4@uiuc.edu,Indonesia,9,25,30,21
690,Gina,Ponter,20,gponterj5@fema.gov,Indonesia,68,12,1,27
691,Freeman,McDool,20,fmcdoolj6@linkedin.com,China,38,93,36,55
692,Clementia,Baudouin,20,cbaudouinj7@washingtonpost.com,Ukraine,85,92,22,66
693,Charmine,McKillop,22,cmckillopj8@theglobeandmail.com,Democratic Republic of the Congo,97,68,18,61
694,Doris,Gietz,22,dgietzj9@drupal.org,Peru,69,87,36,64
695,Warde,Assaf,21,wassafja@marriott.com,Ivory Coast,36,100,4,46
696,Spencer,Klos,20,sklosjb@admin.ch,Sweden,88,78,1,55
697,Dody,Odom,22,dodomjc@tmall.com,Philippines,45,66,30,47
698,Elinor,Billington,18,ebillingtonjd@google.com,Philippines,64,4,72,46
699,Devan,Barwell,25,dbarwellje@wsj.com,China,82,99,84,88
700,Antoni,Cobelli,22,acobellijf@ifeng.com,Tanzania,51,43,32,42
701,Morganica,Ferry,24,mferryjg@deviantart.com,Nigeria,13,46,2,20
702,Vaclav,Dunston,24,vdunstonjh@zimbio.com,Greece,66,88,92,82
703,Ginelle,Yackiminie,18,gyackiminieji@shinystat.com,Greece,72,61,98,77
704,Kinnie,Mewrcik,18,kmewrcikjj@moonfruit.com,Israel,17,8,2,9
705,Pierrette,Pagon,18,ppagonjk@ucla.edu,China,90,33,64,62
706,Yuri,Argrave,23,yargravejl@cargocollective.com,Ecuador,96,38,65,66
707,Shirleen,Dorset,22,sdorsetjm@sciencedaily.com,Bosnia and Herzegovina,47,72,46,55
708,Hyacinthe,Demonge,21,hdemongejn@clickbank.net,China,62,4,8,24
709,Mirella,MacGill,23,mmacgilljo@unblog.fr,Morocco,58,25,85,56
710,Lissa,Challenor,25,lchallenorjp@artisteer.com,Philippines,68,4,14,28
711,Tallie,Bencher,21,tbencherjq@cpanel.net,Philippines,29,9,85,41
712,Shandeigh,Dougal,25,sdougaljr@google.co.jp,Philippines,10,25,92,42
713,Riannon,Mortel,23,rmorteljs@opera.com,Lithuania,85,91,58,78
714,Kaspar,Masey,24,kmaseyjt@blog.com,Philippines,11,24,95,43
715,Blanch,Gandar,18,bgandarju@nymag.com,Netherlands,9,43,29,27
716,Zebadiah,Chilcotte,21,zchilcottejv@jiathis.com,China,8,92,39,46
717,Dreddy,Stowte,20,dstowtejw@bluehost.com,United States,89,54,20,54
718,Daria,Meakes,23,dmeakesjx@skype.com,Indonesia,57,2,72,43
719,Arnoldo,Gingles,23,aginglesjy@baidu.com,Malaysia,78,63,25,55
720,Katrinka,Castanho,19,kcastanhojz@altervista.org,South Africa,6,68,93,55
721,Monte,Jeanel,25,mjeanelk0@bloglovin.com,Russia,83,44,55,60
722,Fulvia,Lyons,19,flyonsk1@apache.org,Zimbabwe,16,69,84,56
723,Joannes,Iacomini,24,jiacominik2@cdbaby.com,Mongolia,56,80,74,70
724,Brocky,MacMorland,20,bmacmorlandk3@huffingtonpost.com,Azerbaijan,53,80,42,58
725,Isidora,Garrattley,18,igarrattleyk4@exblog.jp,Canada,21,81,92,64
726,Micky,Benkin,18,mbenkink5@weebly.com,France,69,27,96,64
727,Wenonah,Carp,22,wcarpk6@twitpic.com,Dominican Republic,90,85,61,78
728,Brandy,Halle,25,bhallek7@economist.com,Thailand,53,87,23,54
729,Torin,Woodfield,20,twoodfieldk8@alexa.com,Portugal,51,75,76,67
730,Minnnie,Bail,25,mbailk9@example.com,China,93,21,56,56
731,Wakefield,Isaac,19,wisaacka@weebly.com,Libya,54,83,81,72
732,Langsdon,Curro,18,lcurrokb@engadget.com,China,6,82,40,42
733,Vannie,Whatsize,18,vwhatsizekc@ucoz.ru,United States,15,35,86,45
734,Jeremie,Dible,25,jdiblekd@networksolutions.com,Brazil,79,18,64,53
735,Hendrika,Venes,18,hveneske@huffingtonpost.com,China,77,58,7,47
736,Hermia,Bruffell,20,hbruffellkf@tmall.com,China,56,24,54,44
737,Abe,Bartolomeu,21,abartolomeukg@microsoft.com,Indonesia,78,97,96,90
738,Sylvan,Ors,21,sorskh@home.pl,Liberia,54,48,33,45
739,Vinni,Gosneye,24,vgosneyeki@usatoday.com,Poland,97,48,94,79
740,Giffy,Selcraig,21,gselcraigkj@cdc.gov,China,93,80,95,89
741,Westbrook,McGinnell,22,wmcginnellkk@photobucket.com,France,77,16,17,36
742,Tandy,Varndall,21,tvarndallkl@theatlantic.com,Indonesia,22,27,93,47
743,Bernie,Bowe,18,bbowekm@theglobeandmail.com,Brazil,8,89,62,53
744,Agnola,Crone,24,acronekn@instagram.com,Kyrgyzstan,69,22,81,57
745,Kaiser,Tyzack,25,ktyzackko@merriam-webster.com,Cuba,33,88,47,56
746,Millard,Tofts,24,mtoftskp@google.pl,Vietnam,7,39,22,22
747,Margi,Chuter,20,mchuterkq@ibm.com,China,91,10,99,66
748,Haleigh,Antrum,25,hantrumkr@posterous.com,China,56,53,87,65
749,Gare,Skoate,25,gskoateks@home.pl,Ukraine,48,19,3,23
750,Lara,Brannan,22,lbrannankt@google.ca,Israel,14,89,59,54
751,Dukey,Paolino,23,dpaolinoku@ted.com,China,7,68,48,41
752,Maddie,Penritt,23,mpenrittkv@umn.edu,Russia,62,75,5,47
753,Darelle,Greedier,19,dgreedierkw@netlog.com,China,45,67,36,49
754,Zollie,Bissett,22,zbissettkx@economist.com,Guatemala,93,29,94,72
755,Arleen,Stroyan,25,astroyanky@google.com.br,Indonesia,35,78,86,66
756,Gretal,Deuss,20,gdeusskz@accuweather.com,Tunisia,62,54,28,48
757,Ethelbert,Coltart,20,ecoltartl0@ihg.com,United States,48,59,99,68
758,Geoff,Clemenzo,18,gclemenzol1@google.ca,Thailand,68,7,10,28
759,Valentine,Staddon,20,vstaddonl2@is.gd,Indonesia,42,75,2,39
760,Deva,Splevin,23,dsplevinl3@upenn.edu,Philippines,60,63,1,41
761,Gloria,Ricciardiello,23,gricciardiellol4@comcast.net,China,20,100,49,56
762,Genna,Klossmann,23,gklossmannl5@bigcartel.com,Philippines,9,15,86,36
763,Cathi,Groomebridge,25,cgroomebridgel6@youtube.com,China,87,11,79,59
764,Wash,Roocroft,18,wroocroftl7@samsung.com,Sweden,40,59,46,48
765,Yorgo,Leaver,18,yleaverl8@booking.com,Bulgaria,58,11,81,50
766,Gregg,Henrys,19,ghenrysl9@wufoo.com,Venezuela,100,39,76,71
767,Tami,Whitehouse,24,twhitehousela@discovery.com,United States,80,29,31,46
768,Hillard,Futter,20,hfutterlb@naver.com,Peru,65,36,30,43
769,Alissa,Wadforth,18,awadforthlc@earthlink.net,Colombia,0,15,10,8
770,Arthur,Hindes,22,ahindesld@google.co.uk,Canada,27,88,63,59
771,Karly,Mamwell,21,kmamwellle@rambler.ru,Kuwait,87,13,66,55
772,Alvis,Kidwell,18,akidwelllf@issuu.com,Argentina,99,55,86,80
773,Spike,Fishburn,22,sfishburnlg@desdev.cn,Martinique,69,75,71,71
774,Travis,Colliber,24,tcolliberlh@fda.gov,Poland,13,62,15,30
775,Frederik,Batalini,22,fbatalinili@feedburner.com,Brazil,46,2,38,28
776,Evelina,Stallworth,23,estallworthlj@archive.org,Nigeria,72,85,80,79
777,Jaimie,MacGowan,19,jmacgowanlk@nasa.gov,France,11,63,48,40
778,Marcelle,Seegar,20,mseegarll@xrea.com,Greece,96,64,97,85
779,Mallory,Eady,20,meadylm@mozilla.org,Russia,72,74,64,70
780,Noella,Barrowclough,22,nbarrowcloughln@plala.or.jp,United States,80,100,28,69
781,Tore,Tindle,21,ttindlelo@cisco.com,Portugal,44,18,42,34
782,Ailis,Boeck,25,aboecklp@parallels.com,Czech Republic,43,95,79,72
783,Viviene,Cheson,21,vchesonlq@columbia.edu,Togo,31,54,89,58
784,Lory,Whitcher,21,lwhitcherlr@fastcompany.com,Mexico,83,57,4,48
785,Susannah,Baudacci,22,sbaudaccils@npr.org,Russia,21,25,39,28
786,Neilla,Humfrey,23,nhumfreylt@usatoday.com,Jordan,0,68,48,38
787,Dun,Scotland,23,dscotlandlu@geocities.com,Albania,58,26,85,56
788,Melisent,Size,20,msizelv@twitter.com,Indonesia,92,30,12,44
789,Millisent,Conws,25,mconwslw@sciencedirect.com,Poland,68,53,4,41
790,Fallon,Carragher,21,fcarragherlx@google.co.jp,China,35,79,47,53
791,Ulysses,Czajka,20,uczajkaly@lulu.com,Philippines,26,33,56,38
792,Jard,Kerwood,19,jkerwoodlz@imageshack.us,Uzbekistan,87,44,13,48
793,Koralle,Kellington,18,kkellingtonm0@merriam-webster.com,Russia,64,10,36,36
794,Trixie,Pitway,22,tpitwaym1@state.tx.us,Nigeria,36,77,37,50
795,Vonny,Anthonies,20,vanthoniesm2@wordpress.org,Indonesia,76,52,32,53
796,Ariela,Mateos,25,amateosm3@state.tx.us,Brazil,23,14,33,23
797,Letizia,Staves,20,lstavesm4@shutterfly.com,Afghanistan,8,32,56,32
798,Fionna,Whapples,21,fwhapplesm5@squarespace.com,Peru,97,81,46,74
799,Abbe,Reitenbach,19,areitenbachm6@wunderground.com,Nigeria,40,53,25,39
800,Gretchen,Barzen,24,gbarzenm7@google.ru,Serbia,3,31,92,42
801,Sheffie,Grigolli,25,sgrigollim8@mac.com,Chile,47,34,20,33
802,Hendrik,Heinert,21,hheinertm9@fema.gov,Poland,14,59,17,30
803,Josh,Lofthouse,24,jlofthousema@360.cn,Colombia,70,24,71,55
804,Aeriela,Heeley,22,aheeleymb@dion.ne.jp,United States,15,44,93,50
805,Trish,Drynan,24,tdrynanmc@ibm.com,Philippines,41,81,41,54
806,Kynthia,Fancutt,19,kfancuttmd@chron.com,Poland,12,38,83,44
807,Francene,BURWIN,23,fburwinme@gov.uk,Lithuania,9,92,6,35
808,Danica,Zincke,23,dzinckemf@tripadvisor.com,Saudi Arabia,10,24,87,40
809,Izabel,Lowdham,22,ilowdhammg@home.pl,Bulgaria,11,97,18,42
810,Pierre,Leathlay,20,pleathlaymh@upenn.edu,China,90,42,14,48
811,Daffy,Firmager,19,dfirmagermi@pbs.org,Indonesia,63,50,58,57
812,Nancee,Brew,25,nbrewmj@msu.edu,Morocco,29,44,83,52
813,Tristan,Ryde,20,trydemk@sitemeter.com,Argentina,28,35,99,54
814,Nickolaus,Bernaert,23,nbernaertml@europa.eu,Colombia,6,56,25,29
815,Cchaddie,Boncoeur,20,cboncoeurmm@shareasale.com,United States,44,94,53,63
816,Liane,Greedier,22,lgreediermn@shop-pro.jp,Morocco,58,56,78,64
817,Craggie,Cardno,23,ccardnomo@odnoklassniki.ru,Thailand,94,58,20,57
818,Nikaniki,Ronchetti,21,nronchettimp@usa.gov,Bosnia and Herzegovina,93,16,24,44
819,Aleece,Swyer-Sexey,22,aswyersexeymq@dell.com,China,58,8,3,23
820,Mari,Binnes,20,mbinnesmr@goo.gl,Ireland,70,9,38,39
821,Dallas,Feeley,18,dfeeleyms@ca.gov,Poland,13,40,96,49
822,Melisa,Mathewes,22,mmathewesmt@unesco.org,Czech Republic,50,17,73,46
823,Nessa,Callaway,22,ncallawaymu@twitter.com,Poland,99,40,7,48
824,Craggy,Cayette,18,ccayettemv@ehow.com,China,34,82,71,62
825,Emmi,Braunston,25,ebraunstonmw@youku.com,Croatia,7,81,17,35
826,Grethel,Matushevitz,23,gmatushevitzmx@huffingtonpost.com,Indonesia,26,93,87,68
827,Herbie,McDell,20,hmcdellmy@eepurl.com,China,88,36,67,63
828,Berte,Alfonso,25,balfonsomz@kickstarter.com,Chile,98,43,26,55
829,Bowie,Tibbotts,18,btibbottsn0@hhs.gov,United States,44,70,79,64
830,Pearle,Bolderoe,22,pbolderoen1@guardian.co.uk,Peru,11,34,14,19
831,Egor,Mattisssen,25,emattisssenn2@gravatar.com,Peru,19,22,59,33
832,Alejoa,Panketh,18,apankethn3@google.ru,Ukraine,37,70,3,36
833,Emmeline,Boocock,18,eboocockn4@ted.com,Peru,20,28,18,22
834,Mora,McKerlie,25,mmckerlien5@delicious.com,Peru,95,56,87,79
835,Ilyssa,Geraldini,23,igeraldinin6@yahoo.com,China,93,61,14,56
836,Nickolaus,Grissett,23,ngrissettn7@mashable.com,China,69,3,11,27
837,Virgie,Nowaczyk,19,vnowaczykn8@google.com.br,Brazil,75,61,76,70
838,Maude,Darrington,24,mdarringtonn9@mapy.cz,Portugal,51,74,100,75
839,Purcell,Delgado,23,pdelgadona@auda.org.au,Canada,22,53,88,54
840,Phyllis,Cammidge,22,pcammidgenb@noaa.gov,Thailand,56,86,1,47
841,Colene,Masarrat,23,cmasarratnc@plala.or.jp,Madagascar,8,16,9,11
842,West,Caulcott,24,wcaulcottnd@businessinsider.com,United States,48,33,85,55
843,Maudie,Sugden,21,msugdenne@lulu.com,United Kingdom,38,9,52,33
844,Harlan,Dougharty,23,hdoughartynf@howstuffworks.com,Pakistan,92,46,31,56
845,Jarvis,Duligal,23,jduligalng@admin.ch,Peru,34,43,14,30
846,Jeffry,Wabersich,19,jwabersichnh@microsoft.com,Portugal,61,55,45,53
847,Marisa,Vallow,21,mvallowni@dmoz.org,Finland,70,41,36,49
848,Sybille,Winslow,20,swinslownj@godaddy.com,Costa Rica,60,41,21,40
849,Ruperto,Onn,25,ronnnk@kickstarter.com,Luxembourg,78,91,48,72
850,Bernadina,Giacomi,25,bgiacominl@squarespace.com,France,81,34,29,48
851,Brook,Pree,18,bpreenm@wikipedia.org,Indonesia,42,84,30,52
852,Lilias,Surmeir,25,lsurmeirnn@sun.com,China,14,68,3,28
853,Elnore,Justice,23,ejusticeno@ezinearticles.com,Brazil,29,26,64,39
854,Gaspard,McInulty,18,gmcinultynp@theglobeandmail.com,China,3,65,100,56
855,Gregory,De Haven,19,gdehavennq@army.mil,China,75,33,28,45
856,Georges,Balaison,23,gbalaisonnr@xing.com,Mayotte,6,79,10,31
857,Milo,Studde,23,mstuddens@imgur.com,Paraguay,95,28,69,64
858,Myrilla,Kachel,18,mkachelnt@smugmug.com,Indonesia,77,46,3,42
859,Joycelin,O'Glessane,22,joglessanenu@upenn.edu,Slovenia,12,3,23,12
860,Abbi,Mucklestone,20,amucklestonenv@google.it,Indonesia,47,24,1,24
861,Catarina,Hawford,20,chawfordnw@nymag.com,Sweden,74,71,55,66
862,Lotti,Triggel,22,ltriggelnx@1688.com,Russia,52,11,70,44
863,Hugo,Van't Hoff,23,hvanthoffny@jimdo.com,Argentina,65,67,66,66
864,Tasha,Togher,23,ttoghernz@washington.edu,South Africa,93,48,88,76
865,Bronny,Freke,25,bfrekeo0@purevolume.com,Argentina,68,56,60,61
866,Haze,Riping,22,hripingo1@drupal.org,Sweden,2,11,9,7
867,Avrom,Joannidi,24,ajoannidio2@state.gov,China,92,100,43,78
868,Rozanna,Portigall,21,rportigallo3@bigcartel.com,Honduras,12,58,42,37
869,Agneta,Staniland,21,astanilando4@prnewswire.com,China,44,35,17,32
870,Zelma,Jedrzej,19,zjedrzejo5@opensource.org,Peru,12,52,99,54
871,Raynard,Sallis,19,rsalliso6@state.tx.us,Philippines,28,40,2,23
872,Joanna,Pirrone,21,jpirroneo7@discovery.com,France,64,53,88,68
873,Gabbi,Twitty,25,gtwittyo8@unicef.org,South Korea,25,74,86,61
874,Noelani,Burnep,20,nburnepo9@moonfruit.com,South Africa,55,92,46,64
875,Bourke,Veevers,24,bveeversoa@freewebs.com,Russia,39,51,12,34
876,Darrick,Goullee,25,dgoulleeob@google.cn,Bolivia,78,38,92,69
877,Louella,Helder,23,lhelderoc@amazon.co.uk,Indonesia,71,28,91,63
878,Arley,Shoosmith,21,ashoosmithod@multiply.com,Brazil,9,61,73,47
879,Alexine,McKeefry,25,amckeefryoe@uol.com.br,France,59,48,34,47
880,Sarene,Wells,22,swellsof@discovery.com,Ethiopia,66,5,5,25
881,Vanda,Ruff,23,vruffog@npr.org,United States,93,20,36,49
882,Isac,Andrivot,23,iandrivotoh@shinystat.com,France,11,12,14,12
883,Chico,Christensen,21,cchristensenoi@ocn.ne.jp,Dominican Republic,35,49,73,52
884,Corina,Dran,23,cdranoj@uol.com.br,Russia,20,45,42,35
885,Penn,Donoghue,20,pdonoghueok@slate.com,Ireland,12,82,99,64
886,Elmore,Softley,25,esoftleyol@google.com,Czech Republic,99,82,71,84
887,Randal,Mille,23,rmilleom@canalblog.com,Poland,77,3,88,56
888,Dot,Sanz,22,dsanzon@examiner.com,Indonesia,31,89,51,57
889,Korey,Benfell,20,kbenfelloo@mayoclinic.com,Russia,28,98,59,61
890,Alistair,O'Neary,25,aonearyop@woothemes.com,China,18,45,87,50
891,Kizzie,Yakob,20,kyakoboq@seesaa.net,Finland,53,89,94,78
892,Chad,Alejandro,20,calejandroor@adobe.com,Sri Lanka,14,1,74,29
893,Lorry,Van der Mark,20,lvandermarkos@newsvine.com,Philippines,42,96,92,76
894,Zandra,Gration,20,zgrationot@pagesperso-orange.fr,Philippines,28,37,72,45
895,Bernetta,Pryer,20,bpryerou@cbslocal.com,Czech Republic,25,19,96,46
896,Freddie,Bulley,25,fbulleyov@buzzfeed.com,Indonesia,52,89,22,54
897,Rodd,Caldaro,24,rcaldaroow@dailymotion.com,China,49,45,36,43
898,Kaleb,Mattek,22,kmattekox@photobucket.com,China,45,85,69,66
899,Kath,Embra,21,kembraoy@bravesites.com,Russia,64,35,70,56
900,Slade,Bullent,25,sbullentoz@wiley.com,Sweden,22,4,83,36
901,Filide,Druery,21,fdrueryp0@typepad.com,Azerbaijan,96,85,11,64
902,Tina,Liveing,18,tliveingp1@google.com.au,Russia,66,46,91,67
903,Franciskus,Dockrell,20,fdockrellp2@blogger.com,Russia,74,36,35,48
904,Bevvy,Taudevin,18,btaudevinp3@hatena.ne.jp,Indonesia,83,72,80,78
905,Barry,Cobleigh,24,bcobleighp4@t.co,Vietnam,56,59,81,65
906,Gustie,Udall,19,gudallp5@ehow.com,Myanmar,26,71,7,34
907,Helen,Dericut,18,hdericutp6@people.com.cn,Portugal,92,23,0,38
908,Anallise,Dunlop,21,adunlopp7@sakura.ne.jp,Vietnam,4,20,56,26
909,Moishe,Wintle,23,mwintlep8@wikimedia.org,Poland,6,52,52,36
910,Orton,Burgot,19,oburgotp9@miibeian.gov.cn,Spain,73,13,22,36
911,Travus,Measey,19,tmeaseypa@illinois.edu,China,100,47,51,66
912,Vladamir,Hamshaw,22,vhamshawpb@prweb.com,Afghanistan,69,81,36,62
913,Christophorus,Hayle,25,chaylepc@live.com,China,69,74,10,51
914,Purcell,Ledward,18,pledwardpd@rakuten.co.jp,Ukraine,72,78,49,66
915,Archie,Thundercliffe,23,athundercliffepe@uol.com.br,Sweden,11,33,91,45
916,Laurene,Rosenboim,19,lrosenboimpf@creativecommons.org,Pakistan,72,32,25,43
917,Wit,Haggata,24,whaggatapg@163.com,Vietnam,2,10,85,32
918,Finlay,Inett,22,finettph@sitemeter.com,China,85,7,3,31
919,Lizabeth,Brodhead,25,lbrodheadpi@posterous.com,Zambia,5,25,29,19
920,Quintilla,Trussell,21,qtrussellpj@tiny.cc,United States,86,58,92,78
921,Gwyneth,Dyble,21,gdyblepk@independent.co.uk,China,1,35,59,31
922,Tallia,Coleiro,23,tcoleiropl@quantcast.com,Nigeria,88,44,55,62
923,Grier,Rhoddie,22,grhoddiepm@plala.or.jp,Brazil,24,62,8,31
924,Tansy,Brogioni,22,tbrogionipn@symantec.com,China,48,9,31,29
925,Garrard,Barthorpe,25,gbarthorpepo@nytimes.com,Indonesia,96,0,23,39
926,Jeannette,Butterfint,19,jbutterfintpp@shareasale.com,China,84,28,82,64
927,Gerty,Edlestone,19,gedlestonepq@economist.com,Philippines,29,95,91,71
928,Terrence,Jelf,23,tjelfpr@constantcontact.com,Botswana,66,15,60,47
929,Carmella,Yarrall,18,cyarrallps@last.fm,Indonesia,1,48,44,31
930,Michal,Batch,24,mbatchpt@ehow.com,Indonesia,69,92,60,73
931,Mattheus,Arnall,23,marnallpu@myspace.com,Indonesia,19,1,66,28
932,Courtney,Harkins,22,charkinspv@freewebs.com,Indonesia,74,47,75,65
933,Bernard,Webburn,20,bwebburnpw@eepurl.com,Cuba,63,12,36,37
934,Cissiee,Gilbart,25,cgilbartpx@noaa.gov,United States,29,15,46,30
935,Elana,Kilgannon,19,ekilgannonpy@github.com,United States,65,10,41,38
936,Morris,Ambrose,24,mambrosepz@hubpages.com,China,1,43,92,45
937,Leesa,Hicken,19,lhickenq0@blogger.com,Ireland,48,30,14,30
938,Beau,Berryman,18,bberrymanq1@ca.gov,Greece,0,26,11,12
939,Darcey,Leithgoe,21,dleithgoeq2@stanford.edu,Mexico,31,53,58,47
940,Carmelle,Setter,21,csetterq3@reuters.com,Philippines,85,70,49,68
941,Aida,Beaney,19,abeaneyq4@yale.edu,Portugal,23,65,95,61
942,Ansley,Hargie,19,ahargieq5@paginegialle.it,Portugal,47,76,43,55
943,Goddard,Lochet,21,glochetq6@timesonline.co.uk,China,91,14,28,44
944,Rosana,Corry,20,rcorryq7@soup.io,Finland,20,59,78,52
945,Sophi,Beadell,24,sbeadellq8@flavors.me,Brazil,15,13,99,42
946,Idaline,Boxell,23,iboxellq9@newyorker.com,China,46,0,4,16
947,Amitie,Moorerud,25,amoorerudqa@tmall.com,Russia,77,30,42,49
948,Cory,Esland,20,ceslandqb@sina.com.cn,China,56,13,92,53
949,Susana,Twohig,25,stwohigqc@telegraph.co.uk,Tanzania,95,31,84,70
950,Penni,Ruthven,24,pruthvenqd@ox.ac.uk,Russia,74,6,16,32
951,Leah,Deary,23,ldearyqe@blogspot.com,Switzerland,80,44,8,44
952,Ginger,Doubleday,23,gdoubledayqf@multiply.com,Indonesia,14,42,69,41
953,Dorothy,Gobell,22,dgobellqg@histats.com,Peru,52,11,15,26
954,Gaile,Brazer,20,gbrazerqh@theguardian.com,Mexico,60,97,84,80
955,Melisse,Queenborough,21,mqueenboroughqi@businesswire.com,China,50,4,51,35
956,Gertrudis,Skillern,19,gskillernqj@businessweek.com,China,47,11,97,51
957,Isadore,Gowry,18,igowryqk@miitbeian.gov.cn,Vietnam,25,2,16,14
958,Lonnie,Struan,24,lstruanql@hexun.com,Mongolia,46,56,65,55
959,Tobin,Kenyam,20,tkenyamqm@phpbb.com,Ukraine,35,11,94,46
960,Ardath,Shaw,25,ashawqn@go.com,Argentina,99,11,76,62
961,Gilligan,Tocknell,19,gtocknellqo@google.com.hk,Brazil,15,43,96,51
962,Anson,Bickerstaffe,21,abickerstaffeqp@pbs.org,Peru,75,52,93,73
963,Casie,Dowry,18,cdowryqq@istockphoto.com,Indonesia,31,89,94,71
964,Gretchen,Alvar,24,galvarqr@zdnet.com,Vietnam,78,72,89,79
965,Florenza,Camelin,25,fcamelinqs@paginegialle.it,China,61,64,66,63
966,Engracia,Nickless,22,enicklessqt@usnews.com,China,1,17,6,8
967,Sebastian,Huggens,18,shuggensqu@photobucket.com,Indonesia,64,42,3,36
968,Lonny,Fitzsymon,20,lfitzsymonqv@sina.com.cn,Greece,64,44,4,37
969,Heidi,Fennick,18,hfennickqw@ezinearticles.com,Indonesia,94,64,51,69
970,Nora,Chadd,21,nchaddqx@go.com,United States,20,22,66,36
971,Bee,Guyers,21,bguyersqy@vkontakte.ru,Russia,45,89,6,46
972,Jack,Mellody,25,jmellodyqz@spiegel.de,Botswana,87,70,74,77
973,Toby,Grayham,21,tgrayhamr0@columbia.edu,China,1,62,46,36
974,Claudian,Dimitru,23,cdimitrur1@ebay.co.uk,Russia,89,81,7,59
975,Silvio,Talloe,20,stalloer2@cyberchimps.com,Thailand,90,30,0,40
976,Almeda,Dart,20,adartr3@booking.com,Armenia,54,12,58,41
977,Amity,Roobottom,25,aroobottomr4@mashable.com,China,63,85,25,57
978,Phillie,Gonsalo,25,pgonsalor5@wsj.com,Russia,33,62,4,33
979,Hazel,Heijne,18,hheijner6@studiopress.com,Indonesia,58,96,65,73
980,Ingra,Ingilson,24,iingilsonr7@live.com,Pakistan,55,33,83,57
981,Cariotta,Hedman,23,chedmanr8@usnews.com,Portugal,7,77,37,40
982,Babette,Kolczynski,19,bkolczynskir9@redcross.org,Russia,4,86,2,30
983,Amata,Casford,21,acasfordra@spotify.com,Norway,21,18,7,15
984,Amandy,Sitch,25,asitchrb@deliciousdays.com,Greece,27,51,64,47
985,Jacquie,Coplestone,24,jcoplestonerc@springer.com,Serbia,45,59,63,55
986,Cathyleen,Gooke,22,cgookerd@whitehouse.gov,Ecuador,48,37,90,58
987,Ileana,Duck,24,iduckre@desdev.cn,Indonesia,4,75,98,59
988,Ingunna,Chasen,25,ichasenrf@histats.com,Russia,32,15,32,26
989,Elston,Oxlee,18,eoxleerg@i2i.jp,China,97,1,12,36
990,Aluin,Pettus,22,apettusrh@facebook.com,Philippines,68,15,86,56
991,Janek,O'Bruen,18,jobruenri@tripadvisor.com,Philippines,87,62,15,54
992,Rea,Haresign,18,rharesignrj@liveinternet.ru,Indonesia,79,50,95,74
993,Mersey,Vowell,21,mvowellrk@amazon.co.jp,Afghanistan,31,11,1,14
994,Mabel,Kean,22,mkeanrl@telegraph.co.uk,Czech Republic,26,8,4,12
995,Godfree,Danbye,23,gdanbyerm@sciencedaily.com,Russia,20,68,40,42
996,Josefa,Klaiser,24,jklaiserrn@nydailynews.com,Cameroon,31,66,94,63
997,Lilias,Ambrozewicz,23,lambrozewiczro@lulu.com,United States,66,30,66,54
998,Joy,Jendas,20,jjendasrp@jalbum.net,Philippines,84,50,61,65
999,Lin,Gowdie,23,lgowdierq@qq.com,Ethiopia,44,11,80,45
1000,Harriett,Wick,20,hwickrr@trellian.com,Tunisia,64,48,83,65
