student_id,first_name,last_name,age,email,country
1,Kerrill,De Cleyne,24,kdecleyne0@furl.net,Venezuela
2,Krissie,Vittet,25,kvittet1@ustream.tv,Bulgaria
3,Hugibert,Haugg,21,hhaugg2@theguardian.com,New Zealand
4,Fancie,De Mars,18,fdemars3@parallels.com,China
5,Micki,O'Dowgaine,24,modowgaine4@livejournal.com,China
6,Bella,Litchfield,22,blitchfield5@dropbox.com,China
7,Ariel,Laslett,22,alaslett6@vimeo.com,Malta
8,Ailbert,Nickolls,25,anickolls7@is.gd,China
9,Jobyna,Stoffer,25,jstoffer8@xinhuanet.com,El Salvador
10,Saundra,Dietzler,25,sdietzler9@blogspot.com,Argentina
11,Mitchel,Lunt,22,mlunta@gov.uk,Macedonia
12,Nicoli,Chadburn,25,nchadburnb@toplist.cz,Mexico
13,Ketti,Naisby,21,knaisbyc@sina.com.cn,France
14,Adoree,Rama,22,aramad@xinhuanet.com,Argentina
15,Berny,Jime,19,bjimee@zdnet.com,Brazil
16,Reynolds,Goodge,24,rgoodgef@cargocollective.com,Guatemala
17,Turner,Brendish,24,tbrendishg@opera.com,Sweden
18,Ninetta,Carrane,20,ncarraneh@etsy.com,Slovenia
19,Dilly,Jedrychowski,19,djedrychowskii@aol.com,China
20,Friedrick,Schrir,19,fschrirj@slashdot.org,Indonesia
21,Clay,Gallagher,23,cgallagherk@soup.io,Vietnam
22,Collen,Foran,20,cforanl@sakura.ne.jp,Croatia
23,Skye,Elland,20,sellandm@a8.net,Russia
24,Tonnie,Audenis,24,taudenisn@wufoo.com,Philippines
25,Hedwiga,Tidswell,20,htidswello@discovery.com,China
26,Clevey,Bargh,25,cbarghp@uol.com.br,China
27,Kurt,Ivery,25,kiveryq@csmonitor.com,Portugal
28,Lloyd,Yeliashev,18,lyeliashevr@hud.gov,China
29,Terence,Creswell,20,tcreswells@domainmarket.com,China
30,Valentia,McGarrahan,25,vmcgarrahant@kickstarter.com,China
31,Tara,Bodesson,24,tbodessonu@nymag.com,Portugal
32,Arvy,Hinkins,19,ahinkinsv@go.com,Portugal
33,Allys,O'Kieran,19,aokieranw@cargocollective.com,Indonesia
34,Kele,Vashchenko,19,kvashchenkox@salon.com,Lithuania
35,Eilis,Kissock,23,ekissocky@wsj.com,Russia
36,Phyllys,Prahl,23,pprahlz@mapy.cz,China
37,Rosella,Dowall,22,rdowall10@hexun.com,Philippines
38,Karim,McDougald,25,kmcdougald11@tinyurl.com,Philippines
39,Teriann,Gaynor,19,tgaynor12@topsy.com,France
40,Andonis,Pert,21,apert13@reference.com,Poland
41,Garik,Caldecot,23,gcaldecot14@gmpg.org,Indonesia
42,Andria,Bollum,25,abollum15@deliciousdays.com,South Korea
43,Rodolphe,Bordes,24,rbordes16@who.int,Kenya
44,Der,Blackborough,19,dblackborough17@yelp.com,Paraguay
45,Tess,Laidel,25,tlaidel18@slate.com,Curacao
46,Skylar,Lewry,20,slewry19@trellian.com,Portugal
47,Dorice,Astle,25,dastle1a@weebly.com,Mexico
48,Dorolice,Donohue,24,ddonohue1b@istockphoto.com,Argentina
49,Starlin,Klimp,18,sklimp1c@fotki.com,Brazil
50,Prentiss,Blythe,25,pblythe1d@wikia.com,Argentina
51,Zacharias,Colquite,20,zcolquite1e@smh.com.au,China
52,Carmencita,Whithalgh,23,cwhithalgh1f@skype.com,Palestinian Territory
53,Ernaline,Le Blond,19,eleblond1g@bloglovin.com,Japan
54,Tanya,Braisby,24,tbraisby1h@gnu.org,Russia
55,Leisha,Doward,24,ldoward1i@upenn.edu,Syria
56,Jory,Harsnipe,22,jharsnipe1j@fema.gov,China
57,Shandee,Scaice,20,sscaice1k@sun.com,Czech Republic
58,Noel,Crackett,19,ncrackett1l@nyu.edu,Croatia
59,Corine,Cattlemull,24,ccattlemull1m@earthlink.net,Philippines
60,Elvera,Kilcullen,19,ekilcullen1n@csmonitor.com,Germany
61,Elisha,Cudby,19,ecudby1o@clickbank.net,France
62,Fawnia,Pleuman,25,fpleuman1p@fotki.com,South Africa
63,Ulberto,Element,20,uelement1q@mail.ru,Kenya
64,Tildi,Scobbie,21,tscobbie1r@wix.com,Indonesia
65,Claudina,Stallard,24,cstallard1s@drupal.org,Taiwan
66,Ethelyn,Farens,24,efarens1t@wordpress.org,Czech Republic
67,Thalia,Abercromby,24,tabercromby1u@example.com,Philippines
68,Arabela,Risely,23,arisely1v@marketwatch.com,China
69,Matteo,Lattey,21,mlattey1w@spiegel.de,Afghanistan
70,Carmella,Ballsdon,18,cballsdon1x@google.ru,Russia
71,Killie,Lorenc,24,klorenc1y@123-reg.co.uk,Syria
72,Cilka,Telfer,22,ctelfer1z@google.com,Japan
73,Delbert,Vala,25,dvala20@eepurl.com,Indonesia
74,Concordia,Boyton,23,cboyton21@is.gd,Indonesia
75,Enid,Pretley,23,epretley22@pagesperso-orange.fr,Philippines
76,Davina,Waywell,19,dwaywell23@tripod.com,Lithuania
77,Gunter,Ruste,22,gruste24@prlog.org,Russia
78,Ric,De Carlo,20,rdecarlo25@amazon.com,Brazil
79,Jenelle,Treherne,18,jtreherne26@wordpress.org,Portugal
80,Welch,Mucklow,19,wmucklow27@shop-pro.jp,Portugal
81,Anatol,Wheatman,25,awheatman28@spotify.com,Russia
82,Ritchie,O'Carmody,25,rocarmody29@pinterest.com,Azerbaijan
83,Davide,Pettyfer,19,dpettyfer2a@vinaora.com,China
84,Sada,Anchor,24,sanchor2b@gmpg.org,China
85,Maure,Maybey,19,mmaybey2c@si.edu,Russia
86,Blinnie,O'Murtagh,20,bomurtagh2d@si.edu,Portugal
87,Evie,Heenan,22,eheenan2e@nsw.gov.au,Poland
88,Bevin,Capnerhurst,19,bcapnerhurst2f@yale.edu,United States
89,Esme,Allsep,21,eallsep2g@nyu.edu,Czech Republic
90,Ugo,Renbold,20,urenbold2h@nbcnews.com,Azerbaijan
91,Smith,Sanpere,25,ssanpere2i@edublogs.org,Philippines
92,Clareta,Furze,19,cfurze2j@microsoft.com,Nigeria
93,Teador,Chsteney,20,tchsteney2k@mayoclinic.com,Panama
94,Harriette,McNicol,20,hmcnicol2l@histats.com,Sri Lanka
95,Dosi,Ainley,20,dainley2m@gnu.org,Indonesia
96,Krystle,Macieja,20,kmacieja2n@addthis.com,China
97,Laurie,Usherwood,21,lusherwood2o@ebay.com,Russia
98,Nettie,Vicioso,19,nvicioso2p@theguardian.com,Ukraine
99,Phil,Vanichkov,24,pvanichkov2q@dropbox.com,Indonesia
100,Lorrayne,Vahl,22,lvahl2r@nymag.com,Republic of the Congo
101,Allison,Saldler,24,asaldler2s@ucla.edu,Portugal
102,Eolande,Skune,21,eskune2t@cbslocal.com,Greece
103,Mozelle,GiacobbiniJacob,21,mgiacobbinijacob2u@phoca.cz,Poland
104,Perkin,Corris,25,pcorris2v@archive.org,Thailand
105,Willabella,Mathews,22,wmathews2w@blogspot.com,Philippines
106,Esmaria,Anning,19,eanning2x@hatena.ne.jp,Portugal
107,Irvin,Dibsdale,23,idibsdale2y@netvibes.com,Philippines
108,Boniface,Storror,19,bstorror2z@xing.com,Brazil
109,Veda,Street,25,vstreet30@un.org,China
110,Harley,Rigts,24,hrigts31@soup.io,Poland
111,Bobbie,Perryn,23,bperryn32@tiny.cc,Indonesia
112,Estel,McDuffie,22,emcduffie33@kickstarter.com,Portugal
113,Candis,Eisold,22,ceisold34@rediff.com,Russia
114,Donn,Armfirld,20,darmfirld35@linkedin.com,Sweden
115,Donny,Jansens,19,djansens36@who.int,Philippines
116,Midge,Okenden,24,mokenden37@slashdot.org,Kazakhstan
117,Lydia,Mariotte,21,lmariotte38@amazon.de,Indonesia
118,Garald,Baggiani,22,gbaggiani39@ustream.tv,Iran
119,Iseabal,Dumphreys,24,idumphreys3a@sbwire.com,China
120,Binni,Jannasch,21,bjannasch3b@google.com.hk,Sweden
121,Archibold,Scowcraft,19,ascowcraft3c@yolasite.com,Philippines
122,Catharina,Ravel,20,cravel3d@soup.io,Ukraine
123,Averill,Rainton,18,arainton3e@go.com,Brazil
124,Dawn,Maddyson,21,dmaddyson3f@harvard.edu,Mali
125,Suzie,Hullyer,20,shullyer3g@g.co,Czech Republic
126,Rey,Gammon,20,rgammon3h@discovery.com,Russia
127,Kristian,Leinweber,20,kleinweber3i@ifeng.com,Poland
128,Sharity,Neachell,25,sneachell3j@nps.gov,Vietnam
129,Lexis,Pittson,19,lpittson3k@deviantart.com,Peru
130,Friedrick,Pember,24,fpember3l@uol.com.br,Latvia
131,Jourdain,Whitmell,18,jwhitmell3m@java.com,Portugal
132,Drusie,Baughn,21,dbaughn3n@diigo.com,Japan
133,Dukey,Greenrod,20,dgreenrod3o@printfriendly.com,China
134,Risa,Stent,23,rstent3p@fc2.com,France
135,Kessia,Larimer,25,klarimer3q@histats.com,Portugal
136,Janis,Hindrich,18,jhindrich3r@domainmarket.com,Finland
137,Cherish,Speeding,21,cspeeding3s@bloomberg.com,Brazil
138,Bertie,Fishe,25,bfishe3t@devhub.com,Colombia
139,Lorenza,Herculson,19,lherculson3u@shareasale.com,South Africa
140,Garland,Dearell,25,gdearell3v@live.com,Portugal
141,Stavro,Waltering,24,swaltering3w@so-net.ne.jp,United States
142,Stephie,Simm,19,ssimm3x@51.la,Sweden
143,Silva,O'Kenny,25,sokenny3y@wp.com,Indonesia
144,Sherlocke,Fairfull,20,sfairfull3z@clickbank.net,Canada
145,Norene,Gosnall,25,ngosnall40@trellian.com,Luxembourg
146,Bendite,Dimnage,20,bdimnage41@imdb.com,Russia
147,Mike,Arson,20,marson42@nhs.uk,Brazil
148,Alida,Ducker,19,aducker43@nydailynews.com,Russia
149,Claudie,Rushbrooke,24,crushbrooke44@msu.edu,China
150,Arabel,Meekings,23,ameekings45@soup.io,Ukraine
151,Michelle,Tallant,20,mtallant46@cpanel.net,Philippines
152,Shep,Grealy,21,sgrealy47@deliciousdays.com,China
153,Harriott,MacGillivrie,24,hmacgillivrie48@hao123.com,Russia
154,Winonah,Heal,20,wheal49@chron.com,Mexico
155,Gray,Woolveridge,25,gwoolveridge4a@newsvine.com,Philippines
156,Jobie,de Guerre,22,jdeguerre4b@github.com,China
157,Augustine,Roberds,22,aroberds4c@archive.org,Poland
158,Daile,Stork,21,dstork4d@goo.gl,Peru
159,Guillermo,Laurance,21,glaurance4e@ovh.net,Albania
160,Ceciley,Egle,19,cegle4f@slate.com,Peru
161,Anselm,Pakeman,18,apakeman4g@mail.ru,China
162,Kennett,Shovell,23,kshovell4h@phpbb.com,Indonesia
163,Kermie,Mabon,24,kmabon4i@unblog.fr,China
164,Sebastien,Gaylord,23,sgaylord4j@squarespace.com,Reunion
165,Laird,Lumby,25,llumby4k@sfgate.com,Guatemala
166,Giustina,Tagg,23,gtagg4l@sina.com.cn,Portugal
167,Horatius,Oscroft,25,hoscroft4m@ycombinator.com,China
168,Belvia,Baraja,25,bbaraja4n@unblog.fr,Indonesia
169,Poul,Farraway,21,pfarraway4o@sciencedaily.com,Czech Republic
170,Montgomery,Whisby,25,mwhisby4p@ifeng.com,Brazil
171,Woody,Croker,24,wcroker4q@rakuten.co.jp,Argentina
172,Cassie,Dawber,23,cdawber4r@timesonline.co.uk,Poland
173,Claresta,Casterton,24,ccasterton4s@sciencedirect.com,Panama
174,Velvet,Barlass,19,vbarlass4t@marriott.com,China
175,Moyra,Foulkes,24,mfoulkes4u@wunderground.com,Iraq
176,Roxi,Milham,23,rmilham4v@ox.ac.uk,Portugal
177,Nady,Oats,18,noats4w@wired.com,Poland
178,Carline,Timbrell,25,ctimbrell4x@parallels.com,Indonesia
179,Burke,Aire,21,baire4y@businessweek.com,Brazil
180,Fanchon,Leonarde,24,fleonarde4z@123-reg.co.uk,China
181,Spense,Offer,25,soffer50@army.mil,Indonesia
182,Vaclav,Danat,19,vdanat51@senate.gov,Sri Lanka
183,Terence,Rooson,20,trooson52@businessinsider.com,Vietnam
184,Gayel,Bilney,21,gbilney53@foxnews.com,United States
185,Amandie,Pittson,19,apittson54@zdnet.com,Peru
186,Sher,Copestake,20,scopestake55@live.com,Nigeria
187,Loreen,Flux,20,lflux56@marketwatch.com,China
188,Harwilll,MattiCCI,19,hmatticci57@parallels.com,Japan
189,Berthe,Rasell,22,brasell58@tinyurl.com,China
190,Lauritz,Proby,21,lproby59@google.ru,Togo
191,Isidro,Sprigg,19,isprigg5a@tripod.com,France
192,Normie,Petegree,21,npetegree5b@engadget.com,Brazil
193,Poppy,Cornell,23,pcornell5c@foxnews.com,Israel
194,Mendel,Stolz,24,mstolz5d@smh.com.au,South Africa
195,Abbe,Craig,21,acraig5e@goo.gl,Croatia
196,Foster,Dunrige,18,fdunrige5f@telegraph.co.uk,Belarus
197,Fredericka,Quarles,19,fquarles5g@dmoz.org,Poland
198,Tanya,Guyer,18,tguyer5h@oakley.com,Poland
199,Amata,Funnell,21,afunnell5i@posterous.com,Indonesia
200,Hillery,Nowlan,23,hnowlan5j@altervista.org,Argentina
201,Dannel,Sallery,18,dsallery5k@wordpress.org,Indonesia
202,Tarrah,Jerzycowski,23,tjerzycowski5l@nydailynews.com,Chad
203,Quinn,Mellon,25,qmellon5m@issuu.com,China
204,Conny,Ducker,19,cducker5n@state.tx.us,Ireland
205,Yovonnda,Gillebride,18,ygillebride5o@microsoft.com,China
206,Ina,Liles,23,ililes5p@1und1.de,Swaziland
207,Brandon,Arden,25,barden5q@berkeley.edu,Iran
208,Guthry,Twinterman,25,gtwinterman5r@gravatar.com,Niger
209,Alaric,Wasling,25,awasling5s@diigo.com,Portugal
210,Gerardo,Laugherane,23,glaugherane5t@moonfruit.com,Brazil
211,Editha,Abercrombie,25,eabercrombie5u@woothemes.com,Indonesia
212,Jerrie,Queyeiro,19,jqueyeiro5v@aol.com,Indonesia
213,Toiboid,Menary,20,tmenary5w@paginegialle.it,Russia
214,Therese,Aloshechkin,19,taloshechkin5x@myspace.com,Ukraine
215,Sanson,Bilbrooke,22,sbilbrooke5y@icq.com,China
216,Isobel,Shadrack,20,ishadrack5z@google.co.uk,Brazil
217,Cassandry,Lauridsen,19,clauridsen60@i2i.jp,Indonesia
218,Ed,Doree,24,edoree61@theatlantic.com,Poland
219,Farrah,Fryman,23,ffryman62@utexas.edu,Canada
220,Mattie,Kitney,24,mkitney63@examiner.com,China
221,Joete,Ousbie,19,jousbie64@hubpages.com,Poland
222,Tobe,Baxstair,20,tbaxstair65@cnbc.com,China
223,Winthrop,Simukov,20,wsimukov66@soundcloud.com,Russia
224,Dulsea,Blay,22,dblay67@noaa.gov,Poland
225,Nickie,Smyth,22,nsmyth68@mapy.cz,China
226,Broddy,Udell,21,budell69@google.ru,China
227,Kelsy,Davidavidovics,18,kdavidavidovics6a@google.pl,Indonesia
228,Harris,Foggarty,22,hfoggarty6b@infoseek.co.jp,Russia
229,Benedikt,Hateley,21,bhateley6c@guardian.co.uk,Sweden
230,Antons,McCleod,19,amccleod6d@utexas.edu,China
231,Bernetta,Sexti,20,bsexti6e@domainmarket.com,France
232,Gaylord,Crumley,25,gcrumley6f@upenn.edu,Peru
233,Vassily,Levee,24,vlevee6g@weebly.com,Sweden
234,Kristina,Twells,21,ktwells6h@google.com.hk,Argentina
235,Heda,Johnsee,19,hjohnsee6i@state.gov,China
236,Mikel,Tearny,24,mtearny6j@auda.org.au,Russia
237,Hermia,Scimoni,18,hscimoni6k@imageshack.us,China
238,Auberon,Rogeron,20,arogeron6l@apple.com,China
239,Wolf,Maffulli,21,wmaffulli6m@51.la,Portugal
240,Kendricks,Aldwich,24,kaldwich6n@moonfruit.com,Czech Republic
241,Vicki,Davidovics,19,vdavidovics6o@amazon.com,China
242,Chilton,Caff,20,ccaff6p@parallels.com,Brazil
243,Addy,Bolam,20,abolam6q@cyberchimps.com,China
244,Allegra,Doeg,23,adoeg6r@cyberchimps.com,Luxembourg
245,Sigismund,Showte,25,sshowte6s@about.me,Sweden
246,Lancelot,Northedge,18,lnorthedge6t@nymag.com,China
247,Angelia,Probin,21,aprobin6u@virginia.edu,Mauritius
248,Lamont,Pettegre,18,lpettegre6v@comcast.net,Philippines
249,Gerrie,McInteer,21,gmcinteer6w@springer.com,Brazil
250,Carmita,Ewestace,22,cewestace6x@etsy.com,South Korea
251,Arv,Sallier,24,asallier6y@cargocollective.com,Philippines
252,Gwenneth,Poytress,24,gpoytress6z@sourceforge.net,Czech Republic
253,Tammie,Ferroni,22,tferroni70@miibeian.gov.cn,Sweden
254,Blake,Minci,22,bminci71@senate.gov,China
255,Oralia,Hankinson,19,ohankinson72@example.com,Indonesia
256,Caryl,Cannon,19,ccannon73@skyrock.com,Portugal
257,Freddy,Pilfold,20,fpilfold74@auda.org.au,Cuba
258,Brock,Farenden,19,bfarenden75@istockphoto.com,China
259,Yardley,Highwood,23,yhighwood76@statcounter.com,Finland
260,Phylis,Cranstone,20,pcranstone77@cdc.gov,Russia
261,Merola,Jeary,18,mjeary78@google.com,Indonesia
262,Jude,Van der Hoeven,23,jvanderhoeven79@google.co.jp,Indonesia
263,Hurley,Frantsev,22,hfrantsev7a@networkadvertising.org,Philippines
264,Marris,Driver,23,mdriver7b@free.fr,Brazil
265,Cari,Gladman,21,cgladman7c@bigcartel.com,Portugal
266,Amalee,Sancraft,20,asancraft7d@last.fm,Azerbaijan
267,Aprilette,Tejero,23,atejero7e@e-recht24.de,China
268,Winonah,Simao,21,wsimao7f@nhs.uk,China
269,Justinian,Hearons,20,jhearons7g@etsy.com,China
270,Stacee,Standell,20,sstandell7h@xrea.com,Indonesia
271,Chet,Worlock,25,cworlock7i@japanpost.jp,Indonesia
272,Karlan,Layborn,23,klayborn7j@deviantart.com,Afghanistan
273,Roselle,Filipson,21,rfilipson7k@rambler.ru,Philippines
274,Konrad,Powderham,21,kpowderham7l@themeforest.net,Estonia
275,Angy,Lashbrook,20,alashbrook7m@google.fr,United States
276,Jerad,Peatt,22,jpeatt7n@census.gov,Philippines
277,Hally,Loveman,18,hloveman7o@arizona.edu,Taiwan
278,Mickey,Bryceson,21,mbryceson7p@unc.edu,Peru
279,Arthur,Don,22,adon7q@tripadvisor.com,China
280,Dix,Zink,18,dzink7r@japanpost.jp,Somalia
281,Pearline,Studdert,24,pstuddert7s@g.co,Russia
282,Horacio,Trayes,20,htrayes7t@zdnet.com,United States
283,Waneta,Ickov,20,wickov7u@fema.gov,Philippines
284,Margaretta,Lissemore,22,mlissemore7v@youtube.com,China
285,Stanislaus,Bennison,19,sbennison7w@ocn.ne.jp,Philippines
286,Lil,Crips,21,lcrips7x@vistaprint.com,Colombia
287,Andreana,Beale,23,abeale7y@free.fr,Indonesia
288,Grata,Garnett,23,ggarnett7z@about.me,Argentina
289,Josephina,Grayshan,20,jgrayshan80@home.pl,Philippines
290,Casar,Chantillon,20,cchantillon81@privacy.gov.au,Sweden
291,Lucilia,Le-Good,23,llegood82@hao123.com,Albania
292,Ardine,Benoit,22,abenoit83@wikia.com,Colombia
293,Marylou,Antosik,21,mantosik84@admin.ch,Ukraine
294,Bron,Simmank,24,bsimmank85@state.gov,Ukraine
295,Timotheus,Florio,21,tflorio86@google.com.au,Brazil
296,Ty,Merrall,19,tmerrall87@ucoz.com,France
297,Jobi,Philpot,19,jphilpot88@opera.com,Croatia
298,Giulio,Endon,20,gendon89@posterous.com,Poland
299,Alma,Collopy,24,acollopy8a@smh.com.au,Indonesia
300,Doroteya,Jantet,19,djantet8b@answers.com,Israel
301,Benyamin,Troup,24,btroup8c@disqus.com,France
302,Babara,Beldon,18,bbeldon8d@elegantthemes.com,United States
303,Moyra,Wagen,23,mwagen8e@plala.or.jp,Portugal
304,Gleda,Scorton,24,gscorton8f@reuters.com,Spain
305,Fritz,Tupp,24,ftupp8g@etsy.com,France
306,Camila,Scotter,24,cscotter8h@sitemeter.com,Japan
307,Ciel,Fippe,22,cfippe8i@nasa.gov,Indonesia
308,Jeramie,Parriss,25,jparriss8j@exblog.jp,China
309,Giuditta,Havik,22,ghavik8k@google.com.au,Albania
310,Kylen,Dean,24,kdean8l@businessweek.com,Japan
311,Benoit,Calderonello,25,bcalderonello8m@discuz.net,China
312,Samara,Hemphall,19,shemphall8n@epa.gov,Philippines
313,Engelbert,Turney,19,eturney8o@ted.com,Mexico
314,Donaugh,Anstice,23,danstice8p@hhs.gov,China
315,Cole,Deverick,18,cdeverick8q@washingtonpost.com,Dominican Republic
316,Peria,Stoves,22,pstoves8r@unicef.org,Costa Rica
317,Meryl,Klugel,20,mklugel8s@ebay.co.uk,China
318,Dewain,Siehard,22,dsiehard8t@irs.gov,China
319,Marianne,Mulbry,19,mmulbry8u@exblog.jp,Chile
320,Babbie,Laydel,22,blaydel8v@utexas.edu,Poland
321,Desiree,Hamlett,22,dhamlett8w@chron.com,Ethiopia
322,Annadiane,Antonov,18,aantonov8x@globo.com,Indonesia
323,Stanford,Greader,23,sgreader8y@skype.com,China
324,Jerrie,Rackstraw,23,jrackstraw8z@bluehost.com,Brazil
325,Byrom,Verheijden,21,bverheijden90@bandcamp.com,Poland
326,Nikolai,Headingham,21,nheadingham91@imdb.com,Poland
327,Minerva,McKenney,22,mmckenney92@example.com,Sweden
328,Isabelle,Johnsson,25,ijohnsson93@typepad.com,Russia
329,Braden,Newcomen,24,bnewcomen94@soundcloud.com,Brazil
330,Willie,Kilpatrick,22,wkilpatrick95@hp.com,Portugal
331,Nettie,Sparsholt,25,nsparsholt96@printfriendly.com,Czech Republic
332,Olympe,Hartill,22,ohartill97@vistaprint.com,Portugal
333,Lorrie,Dace,25,ldace98@netlog.com,Serbia
334,Antonetta,Atkins,23,aatkins99@xing.com,Ukraine
335,Mandel,Whyte,23,mwhyte9a@blogspot.com,Mauritius
336,Inger,Twiddell,18,itwiddell9b@tumblr.com,France
337,Dede,Melmar,23,dmelmar9c@yellowbook.com,Mexico
338,Ebenezer,Isakovitch,23,eisakovitch9d@ucoz.com,Colombia
339,Zuzana,Meek,21,zmeek9e@earthlink.net,Georgia
340,Kelly,Roseby,20,kroseby9f@tamu.edu,Peru
341,Rachele,Ianitti,25,rianitti9g@europa.eu,Philippines
342,Rodrique,Madgewick,20,rmadgewick9h@woothemes.com,Philippines
343,Helsa,Cockill,21,hcockill9i@opera.com,Venezuela
344,Locke,Bruhnke,18,lbruhnke9j@lulu.com,Peru
345,Ambrose,Temprell,18,atemprell9k@ezinearticles.com,Poland
346,Iseabal,Bendall,23,ibendall9l@usgs.gov,China
347,Halsey,Sanham,25,hsanham9m@blogs.com,United States
348,Julianne,Garfit,19,jgarfit9n@bbc.co.uk,Estonia
349,Cecil,Abberley,20,cabberley9o@e-recht24.de,Portugal
350,Martica,Davidi,19,mdavidi9p@google.com.hk,China
351,Caterina,Harriott,19,charriott9q@google.de,Peru
352,Shana,Winsbury,22,swinsbury9r@nps.gov,China
353,Saunderson,McNess,19,smcness9s@cpanel.net,Ukraine
354,Nickolai,Thurber,19,nthurber9t@amazon.co.jp,Philippines
355,Patsy,Saich,22,psaich9u@zimbio.com,Russia
356,Jasun,Lascell,25,jlascell9v@geocities.jp,Spain
357,Lilia,Wilne,22,lwilne9w@com.com,Bangladesh
358,Jilly,Caddock,18,jcaddock9x@sohu.com,Thailand
359,Manolo,Benz,21,mbenz9y@skype.com,China
360,Holli,Schonfeld,23,hschonfeld9z@reddit.com,China
361,Golda,Flather,23,gflathera0@xing.com,Indonesia
362,Carline,Bremmell,23,cbremmella1@admin.ch,France
363,Bibbie,Saffer,23,bsaffera2@icio.us,China
364,Fredi,Shailer,22,fshailera3@cdc.gov,Portugal
365,Nikolaos,Runchman,24,nrunchmana4@mapy.cz,Portugal
366,Coretta,Maginn,22,cmaginna5@reverbnation.com,Indonesia
367,Kevon,Giggie,18,kgiggiea6@github.io,Luxembourg
368,Dorri,Santus,20,dsantusa7@youtu.be,Croatia
369,Georgeta,Aleksidze,21,galeksidzea8@people.com.cn,Portugal
370,Ursuline,Sitch,21,usitcha9@cbslocal.com,Ireland
371,Bert,Sember,20,bsemberaa@earthlink.net,China
372,Veronike,Dwelley,22,vdwelleyab@wordpress.com,China
373,Linet,Fobidge,21,lfobidgeac@surveymonkey.com,Belarus
374,Yalonda,Pamplin,19,ypamplinad@quantcast.com,China
375,Anastasie,Wilbor,19,awilborae@drupal.org,Portugal
376,Byrle,Lyste,19,blysteaf@meetup.com,Dominican Republic
377,Wat,Iozefovich,24,wiozefovichag@smugmug.com,Brazil
378,Elisha,Lambrook,25,elambrookah@house.gov,Indonesia
379,Modestine,Johnys,25,mjohnysai@360.cn,China
380,Gwennie,Hischke,18,ghischkeaj@bigcartel.com,Philippines
381,Herve,Rubinchik,23,hrubinchikak@hc360.com,Indonesia
382,Tawnya,Waddy,18,twaddyal@last.fm,China
383,Iolanthe,Noore,24,inooream@guardian.co.uk,Ukraine
384,Gavra,Gatehouse,20,ggatehousean@earthlink.net,Indonesia
385,Rod,Podbury,19,rpodburyao@ucoz.com,China
386,Delainey,Dumbleton,24,ddumbletonap@dyndns.org,South Africa
387,Miguel,Karmel,22,mkarmelaq@mapy.cz,Ecuador
388,Gretta,Shird,20,gshirdar@psu.edu,Dominican Republic
389,Babara,Franchioni,25,bfranchionias@weibo.com,Argentina
390,Norbert,Boldison,22,nboldisonat@addtoany.com,Russia
391,Earlie,Luparti,25,elupartiau@hc360.com,Slovenia
392,Robbie,Illem,23,rillemav@discuz.net,Greece
393,Jemmie,Neem,22,jneemaw@moonfruit.com,Austria
394,Maddi,O'Callaghan,18,mocallaghanax@e-recht24.de,Canada
395,Ellary,Broske,20,ebroskeay@howstuffworks.com,Indonesia
396,Britte,Kelson,24,bkelsonaz@jiathis.com,Spain
397,Fenelia,Ford,25,ffordb0@taobao.com,Philippines
398,Hailee,Eskrigge,19,heskriggeb1@cbc.ca,Sweden
399,Anstice,Juszkiewicz,19,ajuszkiewiczb2@fda.gov,Peru
400,Kelsey,Postlewhite,24,kpostlewhiteb3@flickr.com,Brazil
401,Lon,Kernock,25,lkernockb4@abc.net.au,Poland
402,Fairfax,Sidden,21,fsiddenb5@paginegialle.it,China
403,Andra,Garnar,23,agarnarb6@hc360.com,Japan
404,Taffy,Hessentaler,21,thessentalerb7@usatoday.com,Luxembourg
405,Cherri,Lainton,23,claintonb8@theatlantic.com,Colombia
406,Costanza,Januszkiewicz,19,cjanuszkiewiczb9@vkontakte.ru,Morocco
407,Izaak,Saxton,21,isaxtonba@dell.com,China
408,Gerick,Baumadier,23,gbaumadierbb@miitbeian.gov.cn,China
409,Anitra,Poad,19,apoadbc@arstechnica.com,Madagascar
410,Teddi,Furmenger,20,tfurmengerbd@eventbrite.com,Indonesia
411,Jacintha,Rosenkrantz,24,jrosenkrantzbe@dmoz.org,China
412,Beulah,Gruszecki,18,bgruszeckibf@blogtalkradio.com,China
413,Donnie,Gilstin,20,dgilstinbg@tinyurl.com,Guatemala
414,Arabella,Scoyne,23,ascoynebh@networkadvertising.org,China
415,Lem,Clelle,25,lclellebi@mail.ru,Slovenia
416,Shari,Ratnege,18,sratnegebj@seesaa.net,Slovenia
417,Michail,Stonhard,21,mstonhardbk@freewebs.com,United States
418,Modesty,Berriman,23,mberrimanbl@loc.gov,China
419,Sondra,Zorzini,25,szorzinibm@networkadvertising.org,France
420,Matt,Braunfeld,24,mbraunfeldbn@cocolog-nifty.com,Venezuela
421,Reese,Soame,20,rsoamebo@com.com,Germany
422,Chevy,Sidey,22,csideybp@columbia.edu,Senegal
423,Monti,Mountney,19,mmountneybq@upenn.edu,Colombia
424,Pen,Lemmers,19,plemmersbr@disqus.com,China
425,Demetris,Maillard,21,dmaillardbs@patch.com,Australia
426,Sanders,Gladbeck,19,sgladbeckbt@skyrock.com,Indonesia
427,Adriena,Kentish,21,akentishbu@goodreads.com,Peru
428,Mariellen,Pitceathly,19,mpitceathlybv@t.co,Indonesia
429,Ethelind,Knevet,24,eknevetbw@cbslocal.com,Israel
430,Mortie,Sorrie,20,msorriebx@freewebs.com,Argentina
431,Tam,Dansken,23,tdanskenby@harvard.edu,China
432,Cordie,Fossett,25,cfossettbz@addthis.com,Poland
433,Lou,Tapley,24,ltapleyc0@163.com,Argentina
434,Annalee,Bolingbroke,22,abolingbrokec1@census.gov,China
435,Idell,Salvatore,20,isalvatorec2@state.tx.us,United States
436,Walden,Widdowes,18,wwiddowesc3@php.net,Philippines
437,Cletus,Dolan,20,cdolanc4@newyorker.com,Greece
438,Alma,Sadat,24,asadatc5@nyu.edu,China
439,Corabelle,Hibling,18,chiblingc6@nifty.com,Indonesia
440,Vin,Pettingall,18,vpettingallc7@oracle.com,China
441,Dwayne,Binnall,24,dbinnallc8@icio.us,Russia
442,Justinn,Sprigg,21,jspriggc9@google.fr,Japan
443,Marshal,Bladge,25,mbladgeca@whitehouse.gov,Greece
444,Christiano,Haszard,23,chaszardcb@smh.com.au,Indonesia
445,Emalia,Cockling,21,ecocklingcc@cpanel.net,Poland
446,Bealle,Mickleborough,20,bmickleboroughcd@stanford.edu,Czech Republic
447,Adora,Kee,20,akeece@merriam-webster.com,China
448,Niel,McColgan,18,nmccolgancf@ucoz.ru,Russia
449,Frankie,Dressel,18,fdresselcg@prlog.org,Russia
450,Irene,Van Geffen,23,ivangeffench@lulu.com,Philippines
451,Dorette,O'Corren,19,docorrenci@smugmug.com,Brazil
452,Misti,Venton,24,mventoncj@cafepress.com,Syria
453,Georgeanne,Tomasutti,20,gtomasuttick@bravesites.com,Finland
454,Janos,Blanckley,22,jblanckleycl@privacy.gov.au,Kazakhstan
455,Adriaens,Coventon,23,acoventoncm@guardian.co.uk,Russia
456,Kandy,Algar,23,kalgarcn@unicef.org,China
457,Pansie,Rattray,23,prattrayco@forbes.com,Russia
458,Verna,Harriss,18,vharrisscp@quantcast.com,Peru
459,Karisa,Brocks,23,kbrockscq@dot.gov,China
460,Bobbye,Crann,20,bcranncr@rakuten.co.jp,China
461,Aubrey,Beddoes,24,abeddoescs@youku.com,Indonesia
462,Gretchen,Olohan,21,golohanct@kickstarter.com,Philippines
463,Quintin,Foxley,23,qfoxleycu@java.com,Sweden
464,Dolores,Sharland,19,dsharlandcv@cargocollective.com,France
465,Upton,Bardwell,21,ubardwellcw@weebly.com,Mongolia
466,Helen-elizabeth,Hullbrook,22,hhullbrookcx@microsoft.com,Sweden
467,Drusy,Sinnat,25,dsinnatcy@naver.com,Vietnam
468,Ezmeralda,Cettell,22,ecettellcz@github.com,Ireland
469,Ajay,Whapham,24,awhaphamd0@desdev.cn,Indonesia
470,Locke,Yurshev,24,lyurshevd1@narod.ru,Serbia
471,Georgiana,Hachard,21,ghachardd2@unicef.org,Panama
472,Darci,Enderwick,22,denderwickd3@kickstarter.com,Mongolia
473,Jamie,Ghest,20,jghestd4@va.gov,Portugal
474,Levi,Brayford,23,lbrayfordd5@ucoz.ru,Sweden
475,Nataniel,Tungay,20,ntungayd6@uol.com.br,Poland
476,Hendrik,Bowling,19,hbowlingd7@ibm.com,Latvia
477,Alfreda,Crabbe,22,acrabbed8@cbc.ca,Peru
478,Rozalin,Alltimes,24,ralltimesd9@whitehouse.gov,Guatemala
479,Avrom,Payne,19,apayneda@moonfruit.com,Czech Republic
480,Kile,Geare,22,kgearedb@hibu.com,Malta
481,Gregg,Teulier,19,gteulierdc@scribd.com,Colombia
482,Margret,MacKellar,23,mmackellardd@networkadvertising.org,Chile
483,Joshuah,De Hooch,22,jdehoochde@opensource.org,Canada
484,Beret,Noell,22,bnoelldf@gnu.org,United States
485,Linoel,Filintsev,22,lfilintsevdg@princeton.edu,Russia
486,Cristabel,Izzett,18,cizzettdh@go.com,Indonesia
487,Norby,Roxby,23,nroxbydi@pinterest.com,Spain
488,Minda,Daintith,20,mdaintithdj@berkeley.edu,Indonesia
489,Jerrilyn,Redhole,19,jredholedk@cnet.com,Malaysia
490,Janey,Brinkman,19,jbrinkmandl@ebay.co.uk,China
491,Gipsy,Borzone,18,gborzonedm@prnewswire.com,China
492,Christyna,Bachelar,19,cbachelardn@cafepress.com,Haiti
493,Tomi,Foot,18,tfootdo@sphinn.com,Brazil
494,Cozmo,Rolland,20,crollanddp@seesaa.net,Israel
495,Goran,Pizey,24,gpizeydq@ted.com,Portugal
496,Bard,Gatheridge,21,bgatheridgedr@apple.com,Sweden
497,Aleda,Whittier,22,awhittierds@yolasite.com,China
498,Kassie,Boseley,24,kboseleydt@diigo.com,Portugal
499,Lemmie,Cudby,18,lcudbydu@mysql.com,Indonesia
500,Humfried,Axelby,20,haxelbydv@virginia.edu,Mexico
501,Roth,Arcase,24,rarcasedw@livejournal.com,China
502,Mirelle,Dutteridge,25,mdutteridgedx@meetup.com,China
503,Leeann,Gruszczak,24,lgruszczakdy@twitter.com,France
504,Arabele,Malins,23,amalinsdz@hubpages.com,China
505,Erastus,Lydiatt,25,elydiatte0@istockphoto.com,Ukraine
506,Clementine,Poulden,25,cpouldene1@shutterfly.com,Sweden
507,Fanni,Yu,21,fyue2@businesswire.com,Philippines
508,Conny,Tidcombe,23,ctidcombee3@de.vu,Indonesia
509,Frans,Shoute,25,fshoutee4@nyu.edu,Indonesia
510,Moss,Boylund,19,mboylunde5@sphinn.com,Bulgaria
511,Syd,Linscott,18,slinscotte6@cbsnews.com,Russia
512,Karon,Mendenhall,19,kmendenhalle7@angelfire.com,Honduras
513,Nicky,Medlen,21,nmedlene8@lycos.com,Indonesia
514,Gabby,Widger,23,gwidgere9@bloglines.com,Iran
515,Jessika,Cowmeadow,22,jcowmeadowea@smugmug.com,Ukraine
516,Constantin,Frisdick,20,cfrisdickeb@ca.gov,Canada
517,Forester,Wooles,21,fwoolesec@mozilla.org,Venezuela
518,Grantham,Garrould,25,ggarroulded@g.co,Philippines
519,Carina,Jarvie,25,cjarvieee@cnet.com,Micronesia
520,Dyna,Margrett,18,dmargrettef@freewebs.com,Brazil
521,Murdoch,Piesing,24,mpiesingeg@uol.com.br,Ukraine
522,Camile,Beldom,24,cbeldomeh@deliciousdays.com,Russia
523,Boyce,Spandley,25,bspandleyei@phoca.cz,South Africa
524,Natty,Tole,25,ntoleej@diigo.com,China
525,Nelie,Kordova,20,nkordovaek@ucsd.edu,Peru
526,Brucie,Peddie,19,bpeddieel@technorati.com,Dominican Republic
527,Bearnard,Telford,18,btelfordem@soundcloud.com,Russia
528,Mariam,Braybrook,19,mbraybrooken@amazon.com,China
529,Blisse,Ventum,21,bventumeo@clickbank.net,China
530,Arvy,McGirr,18,amcgirrep@hatena.ne.jp,Denmark
531,Garnette,St Leger,25,gstlegereq@furl.net,China
532,Heriberto,Garr,23,hgarrer@altervista.org,Indonesia
533,Jobey,Pilipets,20,jpilipetses@intel.com,Russia
534,Scotti,Cuttles,18,scuttleset@google.co.jp,China
535,Junette,Lulham,23,jlulhameu@nbcnews.com,Nicaragua
536,Carny,Letford,20,cletfordev@canalblog.com,Brazil
537,Rori,Sparry,20,rsparryew@illinois.edu,China
538,Donny,Duggan,18,ddugganex@yahoo.com,Indonesia
539,Thea,Hegel,21,thegeley@is.gd,Vietnam
540,Jackelyn,Lovejoy,20,jlovejoyez@irs.gov,United States
541,Brice,Kellett,21,bkellettf0@clickbank.net,China
542,Pebrook,Keyse,22,pkeysef1@vistaprint.com,China
543,Gabie,Lavington,23,glavingtonf2@webmd.com,Cameroon
544,Grayce,Boshere,25,gbosheref3@desdev.cn,China
545,Jarrad,Kerwin,20,jkerwinf4@amazonaws.com,Macedonia
546,Jock,Richford,21,jrichfordf5@nifty.com,Indonesia
547,Estrella,Molfino,21,emolfinof6@jalbum.net,France
548,Tanney,Bunkle,23,tbunklef7@flickr.com,Greece
549,Jody,Hartas,19,jhartasf8@woothemes.com,Armenia
550,Archer,Vinker,22,avinkerf9@ucla.edu,China
551,Northrup,Bonellie,19,nbonelliefa@google.de,Slovenia
552,Dinnie,Camp,22,dcampfb@imdb.com,Portugal
553,Verne,Scraney,20,vscraneyfc@yahoo.com,China
554,Carlen,Cardon,25,ccardonfd@creativecommons.org,Nigeria
555,Marlow,O'Rudden,20,moruddenfe@reference.com,Portugal
556,Ingamar,Creedland,18,icreedlandff@unicef.org,China
557,Brockie,Gleaves,23,bgleavesfg@thetimes.co.uk,Canada
558,Raphaela,Hing,18,rhingfh@clickbank.net,Mongolia
559,Kristine,Ell,24,kellfi@independent.co.uk,Brazil
560,Garrard,Lidell,23,glidellfj@bigcartel.com,China
561,Dalt,Innot,19,dinnotfk@statcounter.com,Brazil
562,Wain,Borleace,18,wborleacefl@de.vu,Philippines
563,Gery,Blucher,21,gblucherfm@whitehouse.gov,Indonesia
564,Phaidra,Drynan,18,pdrynanfn@seesaa.net,Ukraine
565,Pietra,Pontefract,23,ppontefractfo@1und1.de,Jordan
566,Tymon,Gillebert,19,tgillebertfp@geocities.jp,Japan
567,Augustina,Biasioli,20,abiasiolifq@huffingtonpost.com,Russia
568,Aubrey,Parmby,23,aparmbyfr@infoseek.co.jp,France
569,Cora,Sedwick,24,csedwickfs@reference.com,Indonesia
570,Clarisse,Ledes,24,cledesft@samsung.com,Indonesia
571,Palm,Marflitt,19,pmarflittfu@amazon.com,France
572,Marguerite,MacKeague,21,mmackeaguefv@google.it,Ukraine
573,Mady,Nockells,20,mnockellsfw@jugem.jp,Philippines
574,Lynnet,Fayerman,25,lfayermanfx@epa.gov,China
575,Bary,Renahan,23,brenahanfy@weibo.com,Japan
576,Bailey,Deeney,20,bdeeneyfz@netvibes.com,China
577,Garik,MacGaughie,23,gmacgaughieg0@aboutads.info,Cameroon
578,Jeannie,Crowch,22,jcrowchg1@tripadvisor.com,Nigeria
579,Codi,Kleinstub,25,ckleinstubg2@vinaora.com,Kuwait
580,Ulrich,Blake,21,ublakeg3@edublogs.org,Central African Republic
581,Jamaal,Cowely,22,jcowelyg4@issuu.com,Portugal
582,Shelby,Ceyssen,24,sceysseng5@statcounter.com,Bosnia and Herzegovina
583,Felike,Devoy,20,fdevoyg6@seesaa.net,Mexico
584,Letta,Ginman,20,lginmang7@patch.com,China
585,Valma,Pulbrook,18,vpulbrookg8@tripadvisor.com,Indonesia
586,Faye,Ramstead,24,framsteadg9@jugem.jp,Armenia
587,Ebenezer,Philipeaux,19,ephilipeauxga@senate.gov,Brazil
588,Sibel,Kettlestring,24,skettlestringgb@tiny.cc,Kuwait
589,Beauregard,Halleday,19,bhalledaygc@webnode.com,Russia
590,Jackie,Van Halen,20,jvanhalengd@reverbnation.com,United States
591,Jacquenetta,Cristofalo,24,jcristofaloge@adobe.com,Argentina
592,Raffaello,Scatcher,22,rscatchergf@soup.io,United States
593,Angela,Bernade,22,abernadegg@nyu.edu,Indonesia
594,Hendrick,Gulliver,24,hgullivergh@telegraph.co.uk,Czech Republic
595,Connor,Bohman,21,cbohmangi@businessinsider.com,China
596,Corabelle,Savine,24,csavinegj@pinterest.com,Japan
597,Kylie,Croster,20,kcrostergk@unesco.org,Argentina
598,Lelah,Wickrath,25,lwickrathgl@newsvine.com,Indonesia
599,Sheridan,Merredy,21,smerredygm@springer.com,China
600,Brittne,Runge,18,brungegn@rambler.ru,Brazil
601,Egor,Roddy,21,eroddygo@domainmarket.com,Colombia
602,Domeniga,Fransson,23,dfranssongp@rambler.ru,Poland
603,Francine,Berger,23,fbergergq@nymag.com,Japan
604,Cecil,Sweeten,19,csweetengr@sitemeter.com,Russia
605,Klara,O'Crigane,25,kocriganegs@tmall.com,Croatia
606,Percival,Andreacci,25,pandreaccigt@usa.gov,Philippines
607,Elset,Puig,23,epuiggu@blogger.com,Argentina
608,Silvio,Castagne,19,scastagnegv@unicef.org,Brazil
609,Aila,Acton,22,aactongw@godaddy.com,Sweden
610,Brannon,Klaas,19,bklaasgx@google.co.jp,France
611,Margarete,Ladbury,25,mladburygy@samsung.com,Iran
612,Timoteo,Briston,20,tbristongz@issuu.com,Russia
613,Nappie,McGarvey,20,nmcgarveyh0@hugedomains.com,Indonesia
614,Antoni,Fleeman,22,afleemanh1@who.int,Brazil
615,Nap,Rainsden,20,nrainsdenh2@desdev.cn,Russia
616,Athene,McLennan,19,amclennanh3@techcrunch.com,Indonesia
617,Alec,Advani,23,aadvanih4@cyberchimps.com,Canada
618,Averyl,Dale,22,adaleh5@ning.com,France
619,James,Nadin,25,jnadinh6@addthis.com,Indonesia
620,Kirbee,Dunkerly,23,kdunkerlyh7@rakuten.co.jp,China
621,Lia,Rotter,20,lrotterh8@cafepress.com,Macedonia
622,Norma,Fawbert,22,nfawberth9@irs.gov,Guam
623,Warden,Dreier,22,wdreierha@dedecms.com,Portugal
624,Mignonne,Surr,21,msurrhb@infoseek.co.jp,Poland
625,Tiebout,Garret,18,tgarrethc@fc2.com,China
626,Daffi,Ollet,22,dollethd@infoseek.co.jp,Botswana
627,Roselia,Burless,25,rburlesshe@rediff.com,Nigeria
628,Leland,O'Mahoney,18,lomahoneyhf@xrea.com,Yemen
629,Julian,Sydes,20,jsydeshg@ezinearticles.com,Brazil
630,Bathsheba,Hemphrey,19,bhemphreyhh@kickstarter.com,China
631,Hilton,Zorzetti,18,hzorzettihi@nymag.com,Greece
632,Marius,Grieswood,25,mgrieswoodhj@biblegateway.com,China
633,Sarette,Raft,19,srafthk@wikimedia.org,Russia
634,Marylee,Tupling,19,mtuplinghl@mashable.com,Indonesia
635,Ailee,Stillert,24,astillerthm@house.gov,Poland
636,Mara,Starbuck,25,mstarbuckhn@hostgator.com,China
637,Konstanze,Downe,22,kdowneho@phoca.cz,Philippines
638,Lionello,Steere,20,lsteerehp@webeden.co.uk,France
639,Ryun,Abramamovh,20,rabramamovhhq@angelfire.com,Brazil
640,Pierson,Spieck,20,pspieckhr@w3.org,Russia
641,Julina,Klimochkin,19,jklimochkinhs@nps.gov,China
642,Roscoe,Whittam,25,rwhittamht@hhs.gov,China
643,Devlen,Shoemark,18,dshoemarkhu@cbc.ca,Canada
644,Ransom,Enrdigo,23,renrdigohv@unc.edu,Latvia
645,Krystle,Fursland,21,kfurslandhw@hibu.com,Indonesia
646,Allyce,Coultas,23,acoultashx@pcworld.com,Macedonia
647,Isak,Kissick,18,ikissickhy@icio.us,South Korea
648,Linzy,McElwee,21,lmcelweehz@mapquest.com,China
649,Mead,Andras,20,mandrasi0@independent.co.uk,Malta
650,Ivett,Balas,23,ibalasi1@bloomberg.com,Comoros
651,Khalil,Roskruge,21,kroskrugei2@java.com,Portugal
652,Tommie,Marten,25,tmarteni3@uiuc.edu,Russia
653,Denver,Weyman,18,dweymani4@independent.co.uk,China
654,Ninon,Calcutt,19,ncalcutti5@4shared.com,Brazil
655,Hope,Ballay,19,hballayi6@xinhuanet.com,Philippines
656,Reggi,Korpal,19,rkorpali7@eepurl.com,Czech Republic
657,Alis,Kay,19,akayi8@ocn.ne.jp,Philippines
658,Steffen,Bater,20,sbateri9@cdc.gov,New Zealand
659,Thorpe,Cunniff,23,tcunniffia@printfriendly.com,Egypt
660,Natka,McCuish,21,nmccuishib@woothemes.com,China
661,Margo,Mendez,25,mmendezic@w3.org,Finland
662,Elinor,Lauritzen,24,elauritzenid@flavors.me,United States
663,Aurlie,Fridaye,24,afridayeie@sciencedaily.com,China
664,Duke,Petrenko,21,dpetrenkoif@google.co.jp,Honduras
665,Rudyard,Scorey,23,rscoreyig@desdev.cn,Argentina
666,Candice,Shaul,23,cshaulih@cnn.com,Senegal
667,Nigel,Moralis,25,nmoralisii@earthlink.net,United States
668,Ellie,Menichillo,19,emenichilloij@a8.net,Ivory Coast
669,Trixi,Bailiss,24,tbailissik@illinois.edu,Sweden
670,Jessie,Radden,21,jraddenil@youtu.be,China
671,Dara,Cornilli,20,dcornilliim@blogtalkradio.com,Ukraine
672,Christabella,Fero,22,cferoin@ezinearticles.com,China
673,Arlie,Hamshar,25,ahamshario@spiegel.de,China
674,Stephine,Leonida,18,sleonidaip@mtv.com,Russia
675,Gayle,Laffranconi,18,glaffranconiiq@yahoo.com,Czech Republic
676,Merrie,Wickwar,23,mwickwarir@lycos.com,Cuba
677,Orin,Foux,20,ofouxis@jiathis.com,Peru
678,Ray,Couvert,24,rcouvertit@tinypic.com,Czech Republic
679,Reginald,Orpwood,18,rorpwoodiu@cdbaby.com,Colombia
680,Abbott,Warret,18,awarretiv@yahoo.co.jp,Indonesia
681,Denna,Scorrer,19,dscorreriw@uiuc.edu,Norway
682,Madonna,Lydster,24,mlydsterix@who.int,China
683,Wake,Meah,25,wmeahiy@wikimedia.org,Czech Republic
684,Kris,Parysowna,18,kparysownaiz@diigo.com,Nigeria
685,Zoe,Rosendale,24,zrosendalej0@goo.ne.jp,China
686,Roshelle,Beggini,19,rbegginij1@ox.ac.uk,Philippines
687,Andriana,O'Kieran,25,aokieranj2@arstechnica.com,China
688,Tallulah,Flippini,25,tflippinij3@aboutads.info,Malaysia
689,Elspeth,Crawley,19,ecrawleyj4@uiuc.edu,Indonesia
690,Gina,Ponter,20,gponterj5@fema.gov,Indonesia
691,Freeman,McDool,20,fmcdoolj6@linkedin.com,China
692,Clementia,Baudouin,20,cbaudouinj7@washingtonpost.com,Ukraine
693,Charmine,McKillop,22,cmckillopj8@theglobeandmail.com,Democratic Republic of the Congo
694,Doris,Gietz,22,dgietzj9@drupal.org,Peru
695,Warde,Assaf,21,wassafja@marriott.com,Ivory Coast
696,Spencer,Klos,20,sklosjb@admin.ch,Sweden
697,Dody,Odom,22,dodomjc@tmall.com,Philippines
698,Elinor,Billington,18,ebillingtonjd@google.com,Philippines
699,Devan,Barwell,25,dbarwellje@wsj.com,China
700,Antoni,Cobelli,22,acobellijf@ifeng.com,Tanzania
701,Morganica,Ferry,24,mferryjg@deviantart.com,Nigeria
702,Vaclav,Dunston,24,vdunstonjh@zimbio.com,Greece
703,Ginelle,Yackiminie,18,gyackiminieji@shinystat.com,Greece
704,Kinnie,Mewrcik,18,kmewrcikjj@moonfruit.com,Israel
705,Pierrette,Pagon,18,ppagonjk@ucla.edu,China
706,Yuri,Argrave,23,yargravejl@cargocollective.com,Ecuador
707,Shirleen,Dorset,22,sdorsetjm@sciencedaily.com,Bosnia and Herzegovina
708,Hyacinthe,Demonge,21,hdemongejn@clickbank.net,China
709,Mirella,MacGill,23,mmacgilljo@unblog.fr,Morocco
710,Lissa,Challenor,25,lchallenorjp@artisteer.com,Philippines
711,Tallie,Bencher,21,tbencherjq@cpanel.net,Philippines
712,Shandeigh,Dougal,25,sdougaljr@google.co.jp,Philippines
713,Riannon,Mortel,23,rmorteljs@opera.com,Lithuania
714,Kaspar,Masey,24,kmaseyjt@blog.com,Philippines
715,Blanch,Gandar,18,bgandarju@nymag.com,Netherlands
716,Zebadiah,Chilcotte,21,zchilcottejv@jiathis.com,China
717,Dreddy,Stowte,20,dstowtejw@bluehost.com,United States
718,Daria,Meakes,23,dmeakesjx@skype.com,Indonesia
719,Arnoldo,Gingles,23,aginglesjy@baidu.com,Malaysia
720,Katrinka,Castanho,19,kcastanhojz@altervista.org,South Africa
721,Monte,Jeanel,25,mjeanelk0@bloglovin.com,Russia
722,Fulvia,Lyons,19,flyonsk1@apache.org,Zimbabwe
723,Joannes,Iacomini,24,jiacominik2@cdbaby.com,Mongolia
724,Brocky,MacMorland,20,bmacmorlandk3@huffingtonpost.com,Azerbaijan
725,Isidora,Garrattley,18,igarrattleyk4@exblog.jp,Canada
726,Micky,Benkin,18,mbenkink5@weebly.com,France
727,Wenonah,Carp,22,wcarpk6@twitpic.com,Dominican Republic
728,Brandy,Halle,25,bhallek7@economist.com,Thailand
729,Torin,Woodfield,20,twoodfieldk8@alexa.com,Portugal
730,Minnnie,Bail,25,mbailk9@example.com,China
731,Wakefield,Isaac,19,wisaacka@weebly.com,Libya
732,Langsdon,Curro,18,lcurrokb@engadget.com,China
733,Vannie,Whatsize,18,vwhatsizekc@ucoz.ru,United States
734,Jeremie,Dible,25,jdiblekd@networksolutions.com,Brazil
735,Hendrika,Venes,18,hveneske@huffingtonpost.com,China
736,Hermia,Bruffell,20,hbruffellkf@tmall.com,China
737,Abe,Bartolomeu,21,abartolomeukg@microsoft.com,Indonesia
738,Sylvan,Ors,21,sorskh@home.pl,Liberia
739,Vinni,Gosneye,24,vgosneyeki@usatoday.com,Poland
740,Giffy,Selcraig,21,gselcraigkj@cdc.gov,China
741,Westbrook,McGinnell,22,wmcginnellkk@photobucket.com,France
742,Tandy,Varndall,21,tvarndallkl@theatlantic.com,Indonesia
743,Bernie,Bowe,18,bbowekm@theglobeandmail.com,Brazil
744,Agnola,Crone,24,acronekn@instagram.com,Kyrgyzstan
745,Kaiser,Tyzack,25,ktyzackko@merriam-webster.com,Cuba
746,Millard,Tofts,24,mtoftskp@google.pl,Vietnam
747,Margi,Chuter,20,mchuterkq@ibm.com,China
748,Haleigh,Antrum,25,hantrumkr@posterous.com,China
749,Gare,Skoate,25,gskoateks@home.pl,Ukraine
750,Lara,Brannan,22,lbrannankt@google.ca,Israel
751,Dukey,Paolino,23,dpaolinoku@ted.com,China
752,Maddie,Penritt,23,mpenrittkv@umn.edu,Russia
753,Darelle,Greedier,19,dgreedierkw@netlog.com,China
754,Zollie,Bissett,22,zbissettkx@economist.com,Guatemala
755,Arleen,Stroyan,25,astroyanky@google.com.br,Indonesia
756,Gretal,Deuss,20,gdeusskz@accuweather.com,Tunisia
757,Ethelbert,Coltart,20,ecoltartl0@ihg.com,United States
758,Geoff,Clemenzo,18,gclemenzol1@google.ca,Thailand
759,Valentine,Staddon,20,vstaddonl2@is.gd,Indonesia
760,Deva,Splevin,23,dsplevinl3@upenn.edu,Philippines
761,Gloria,Ricciardiello,23,gricciardiellol4@comcast.net,China
762,Genna,Klossmann,23,gklossmannl5@bigcartel.com,Philippines
763,Cathi,Groomebridge,25,cgroomebridgel6@youtube.com,China
764,Wash,Roocroft,18,wroocroftl7@samsung.com,Sweden
765,Yorgo,Leaver,18,yleaverl8@booking.com,Bulgaria
766,Gregg,Henrys,19,ghenrysl9@wufoo.com,Venezuela
767,Tami,Whitehouse,24,twhitehousela@discovery.com,United States
768,Hillard,Futter,20,hfutterlb@naver.com,Peru
769,Alissa,Wadforth,18,awadforthlc@earthlink.net,Colombia
770,Arthur,Hindes,22,ahindesld@google.co.uk,Canada
771,Karly,Mamwell,21,kmamwellle@rambler.ru,Kuwait
772,Alvis,Kidwell,18,akidwelllf@issuu.com,Argentina
773,Spike,Fishburn,22,sfishburnlg@desdev.cn,Martinique
774,Travis,Colliber,24,tcolliberlh@fda.gov,Poland
775,Frederik,Batalini,22,fbatalinili@feedburner.com,Brazil
776,Evelina,Stallworth,23,estallworthlj@archive.org,Nigeria
777,Jaimie,MacGowan,19,jmacgowanlk@nasa.gov,France
778,Marcelle,Seegar,20,mseegarll@xrea.com,Greece
779,Mallory,Eady,20,meadylm@mozilla.org,Russia
780,Noella,Barrowclough,22,nbarrowcloughln@plala.or.jp,United States
781,Tore,Tindle,21,ttindlelo@cisco.com,Portugal
782,Ailis,Boeck,25,aboecklp@parallels.com,Czech Republic
783,Viviene,Cheson,21,vchesonlq@columbia.edu,Togo
784,Lory,Whitcher,21,lwhitcherlr@fastcompany.com,Mexico
785,Susannah,Baudacci,22,sbaudaccils@npr.org,Russia
786,Neilla,Humfrey,23,nhumfreylt@usatoday.com,Jordan
787,Dun,Scotland,23,dscotlandlu@geocities.com,Albania
788,Melisent,Size,20,msizelv@twitter.com,Indonesia
789,Millisent,Conws,25,mconwslw@sciencedirect.com,Poland
790,Fallon,Carragher,21,fcarragherlx@google.co.jp,China
791,Ulysses,Czajka,20,uczajkaly@lulu.com,Philippines
792,Jard,Kerwood,19,jkerwoodlz@imageshack.us,Uzbekistan
793,Koralle,Kellington,18,kkellingtonm0@merriam-webster.com,Russia
794,Trixie,Pitway,22,tpitwaym1@state.tx.us,Nigeria
795,Vonny,Anthonies,20,vanthoniesm2@wordpress.org,Indonesia
796,Ariela,Mateos,25,amateosm3@state.tx.us,Brazil
797,Letizia,Staves,20,lstavesm4@shutterfly.com,Afghanistan
798,Fionna,Whapples,21,fwhapplesm5@squarespace.com,Peru
799,Abbe,Reitenbach,19,areitenbachm6@wunderground.com,Nigeria
800,Gretchen,Barzen,24,gbarzenm7@google.ru,Serbia
801,Sheffie,Grigolli,25,sgrigollim8@mac.com,Chile
802,Hendrik,Heinert,21,hheinertm9@fema.gov,Poland
803,Josh,Lofthouse,24,jlofthousema@360.cn,Colombia
804,Aeriela,Heeley,22,aheeleymb@dion.ne.jp,United States
805,Trish,Drynan,24,tdrynanmc@ibm.com,Philippines
806,Kynthia,Fancutt,19,kfancuttmd@chron.com,Poland
807,Francene,BURWIN,23,fburwinme@gov.uk,Lithuania
808,Danica,Zincke,23,dzinckemf@tripadvisor.com,Saudi Arabia
809,Izabel,Lowdham,22,ilowdhammg@home.pl,Bulgaria
810,Pierre,Leathlay,20,pleathlaymh@upenn.edu,China
811,Daffy,Firmager,19,dfirmagermi@pbs.org,Indonesia
812,Nancee,Brew,25,nbrewmj@msu.edu,Morocco
813,Tristan,Ryde,20,trydemk@sitemeter.com,Argentina
814,Nickolaus,Bernaert,23,nbernaertml@europa.eu,Colombia
815,Cchaddie,Boncoeur,20,cboncoeurmm@shareasale.com,United States
816,Liane,Greedier,22,lgreediermn@shop-pro.jp,Morocco
817,Craggie,Cardno,23,ccardnomo@odnoklassniki.ru,Thailand
818,Nikaniki,Ronchetti,21,nronchettimp@usa.gov,Bosnia and Herzegovina
819,Aleece,Swyer-Sexey,22,aswyersexeymq@dell.com,China
820,Mari,Binnes,20,mbinnesmr@goo.gl,Ireland
821,Dallas,Feeley,18,dfeeleyms@ca.gov,Poland
822,Melisa,Mathewes,22,mmathewesmt@unesco.org,Czech Republic
823,Nessa,Callaway,22,ncallawaymu@twitter.com,Poland
824,Craggy,Cayette,18,ccayettemv@ehow.com,China
825,Emmi,Braunston,25,ebraunstonmw@youku.com,Croatia
826,Grethel,Matushevitz,23,gmatushevitzmx@huffingtonpost.com,Indonesia
827,Herbie,McDell,20,hmcdellmy@eepurl.com,China
828,Berte,Alfonso,25,balfonsomz@kickstarter.com,Chile
829,Bowie,Tibbotts,18,btibbottsn0@hhs.gov,United States
830,Pearle,Bolderoe,22,pbolderoen1@guardian.co.uk,Peru
831,Egor,Mattisssen,25,emattisssenn2@gravatar.com,Peru
832,Alejoa,Panketh,18,apankethn3@google.ru,Ukraine
833,Emmeline,Boocock,18,eboocockn4@ted.com,Peru
834,Mora,McKerlie,25,mmckerlien5@delicious.com,Peru
835,Ilyssa,Geraldini,23,igeraldinin6@yahoo.com,China
836,Nickolaus,Grissett,23,ngrissettn7@mashable.com,China
837,Virgie,Nowaczyk,19,vnowaczykn8@google.com.br,Brazil
838,Maude,Darrington,24,mdarringtonn9@mapy.cz,Portugal
839,Purcell,Delgado,23,pdelgadona@auda.org.au,Canada
840,Phyllis,Cammidge,22,pcammidgenb@noaa.gov,Thailand
841,Colene,Masarrat,23,cmasarratnc@plala.or.jp,Madagascar
842,West,Caulcott,24,wcaulcottnd@businessinsider.com,United States
843,Maudie,Sugden,21,msugdenne@lulu.com,United Kingdom
844,Harlan,Dougharty,23,hdoughartynf@howstuffworks.com,Pakistan
845,Jarvis,Duligal,23,jduligalng@admin.ch,Peru
846,Jeffry,Wabersich,19,jwabersichnh@microsoft.com,Portugal
847,Marisa,Vallow,21,mvallowni@dmoz.org,Finland
848,Sybille,Winslow,20,swinslownj@godaddy.com,Costa Rica
849,Ruperto,Onn,25,ronnnk@kickstarter.com,Luxembourg
850,Bernadina,Giacomi,25,bgiacominl@squarespace.com,France
851,Brook,Pree,18,bpreenm@wikipedia.org,Indonesia
852,Lilias,Surmeir,25,lsurmeirnn@sun.com,China
853,Elnore,Justice,23,ejusticeno@ezinearticles.com,Brazil
854,Gaspard,McInulty,18,gmcinultynp@theglobeandmail.com,China
855,Gregory,De Haven,19,gdehavennq@army.mil,China
856,Georges,Balaison,23,gbalaisonnr@xing.com,Mayotte
857,Milo,Studde,23,mstuddens@imgur.com,Paraguay
858,Myrilla,Kachel,18,mkachelnt@smugmug.com,Indonesia
859,Joycelin,O'Glessane,22,joglessanenu@upenn.edu,Slovenia
860,Abbi,Mucklestone,20,amucklestonenv@google.it,Indonesia
861,Catarina,Hawford,20,chawfordnw@nymag.com,Sweden
862,Lotti,Triggel,22,ltriggelnx@1688.com,Russia
863,Hugo,Van't Hoff,23,hvanthoffny@jimdo.com,Argentina
864,Tasha,Togher,23,ttoghernz@washington.edu,South Africa
865,Bronny,Freke,25,bfrekeo0@purevolume.com,Argentina
866,Haze,Riping,22,hripingo1@drupal.org,Sweden
867,Avrom,Joannidi,24,ajoannidio2@state.gov,China
868,Rozanna,Portigall,21,rportigallo3@bigcartel.com,Honduras
869,Agneta,Staniland,21,astanilando4@prnewswire.com,China
870,Zelma,Jedrzej,19,zjedrzejo5@opensource.org,Peru
871,Raynard,Sallis,19,rsalliso6@state.tx.us,Philippines
872,Joanna,Pirrone,21,jpirroneo7@discovery.com,France
873,Gabbi,Twitty,25,gtwittyo8@unicef.org,South Korea
874,Noelani,Burnep,20,nburnepo9@moonfruit.com,South Africa
875,Bourke,Veevers,24,bveeversoa@freewebs.com,Russia
876,Darrick,Goullee,25,dgoulleeob@google.cn,Bolivia
877,Louella,Helder,23,lhelderoc@amazon.co.uk,Indonesia
878,Arley,Shoosmith,21,ashoosmithod@multiply.com,Brazil
879,Alexine,McKeefry,25,amckeefryoe@uol.com.br,France
880,Sarene,Wells,22,swellsof@discovery.com,Ethiopia
881,Vanda,Ruff,23,vruffog@npr.org,United States
882,Isac,Andrivot,23,iandrivotoh@shinystat.com,France
883,Chico,Christensen,21,cchristensenoi@ocn.ne.jp,Dominican Republic
884,Corina,Dran,23,cdranoj@uol.com.br,Russia
885,Penn,Donoghue,20,pdonoghueok@slate.com,Ireland
886,Elmore,Softley,25,esoftleyol@google.com,Czech Republic
887,Randal,Mille,23,rmilleom@canalblog.com,Poland
888,Dot,Sanz,22,dsanzon@examiner.com,Indonesia
889,Korey,Benfell,20,kbenfelloo@mayoclinic.com,Russia
890,Alistair,O'Neary,25,aonearyop@woothemes.com,China
891,Kizzie,Yakob,20,kyakoboq@seesaa.net,Finland
892,Chad,Alejandro,20,calejandroor@adobe.com,Sri Lanka
893,Lorry,Van der Mark,20,lvandermarkos@newsvine.com,Philippines
894,Zandra,Gration,20,zgrationot@pagesperso-orange.fr,Philippines
895,Bernetta,Pryer,20,bpryerou@cbslocal.com,Czech Republic
896,Freddie,Bulley,25,fbulleyov@buzzfeed.com,Indonesia
897,Rodd,Caldaro,24,rcaldaroow@dailymotion.com,China
898,Kaleb,Mattek,22,kmattekox@photobucket.com,China
899,Kath,Embra,21,kembraoy@bravesites.com,Russia
900,Slade,Bullent,25,sbullentoz@wiley.com,Sweden
901,Filide,Druery,21,fdrueryp0@typepad.com,Azerbaijan
902,Tina,Liveing,18,tliveingp1@google.com.au,Russia
903,Franciskus,Dockrell,20,fdockrellp2@blogger.com,Russia
904,Bevvy,Taudevin,18,btaudevinp3@hatena.ne.jp,Indonesia
905,Barry,Cobleigh,24,bcobleighp4@t.co,Vietnam
906,Gustie,Udall,19,gudallp5@ehow.com,Myanmar
907,Helen,Dericut,18,hdericutp6@people.com.cn,Portugal
908,Anallise,Dunlop,21,adunlopp7@sakura.ne.jp,Vietnam
909,Moishe,Wintle,23,mwintlep8@wikimedia.org,Poland
910,Orton,Burgot,19,oburgotp9@miibeian.gov.cn,Spain
911,Travus,Measey,19,tmeaseypa@illinois.edu,China
912,Vladamir,Hamshaw,22,vhamshawpb@prweb.com,Afghanistan
913,Christophorus,Hayle,25,chaylepc@live.com,China
914,Purcell,Ledward,18,pledwardpd@rakuten.co.jp,Ukraine
915,Archie,Thundercliffe,23,athundercliffepe@uol.com.br,Sweden
916,Laurene,Rosenboim,19,lrosenboimpf@creativecommons.org,Pakistan
917,Wit,Haggata,24,whaggatapg@163.com,Vietnam
918,Finlay,Inett,22,finettph@sitemeter.com,China
919,Lizabeth,Brodhead,25,lbrodheadpi@posterous.com,Zambia
920,Quintilla,Trussell,21,qtrussellpj@tiny.cc,United States
921,Gwyneth,Dyble,21,gdyblepk@independent.co.uk,China
922,Tallia,Coleiro,23,tcoleiropl@quantcast.com,Nigeria
923,Grier,Rhoddie,22,grhoddiepm@plala.or.jp,Brazil
924,Tansy,Brogioni,22,tbrogionipn@symantec.com,China
925,Garrard,Barthorpe,25,gbarthorpepo@nytimes.com,Indonesia
926,Jeannette,Butterfint,19,jbutterfintpp@shareasale.com,China
927,Gerty,Edlestone,19,gedlestonepq@economist.com,Philippines
928,Terrence,Jelf,23,tjelfpr@constantcontact.com,Botswana
929,Carmella,Yarrall,18,cyarrallps@last.fm,Indonesia
930,Michal,Batch,24,mbatchpt@ehow.com,Indonesia
931,Mattheus,Arnall,23,marnallpu@myspace.com,Indonesia
932,Courtney,Harkins,22,charkinspv@freewebs.com,Indonesia
933,Bernard,Webburn,20,bwebburnpw@eepurl.com,Cuba
934,Cissiee,Gilbart,25,cgilbartpx@noaa.gov,United States
935,Elana,Kilgannon,19,ekilgannonpy@github.com,United States
936,Morris,Ambrose,24,mambrosepz@hubpages.com,China
937,Leesa,Hicken,19,lhickenq0@blogger.com,Ireland
938,Beau,Berryman,18,bberrymanq1@ca.gov,Greece
939,Darcey,Leithgoe,21,dleithgoeq2@stanford.edu,Mexico
940,Carmelle,Setter,21,csetterq3@reuters.com,Philippines
941,Aida,Beaney,19,abeaneyq4@yale.edu,Portugal
942,Ansley,Hargie,19,ahargieq5@paginegialle.it,Portugal
943,Goddard,Lochet,21,glochetq6@timesonline.co.uk,China
944,Rosana,Corry,20,rcorryq7@soup.io,Finland
945,Sophi,Beadell,24,sbeadellq8@flavors.me,Brazil
946,Idaline,Boxell,23,iboxellq9@newyorker.com,China
947,Amitie,Moorerud,25,amoorerudqa@tmall.com,Russia
948,Cory,Esland,20,ceslandqb@sina.com.cn,China
949,Susana,Twohig,25,stwohigqc@telegraph.co.uk,Tanzania
950,Penni,Ruthven,24,pruthvenqd@ox.ac.uk,Russia
951,Leah,Deary,23,ldearyqe@blogspot.com,Switzerland
952,Ginger,Doubleday,23,gdoubledayqf@multiply.com,Indonesia
953,Dorothy,Gobell,22,dgobellqg@histats.com,Peru
954,Gaile,Brazer,20,gbrazerqh@theguardian.com,Mexico
955,Melisse,Queenborough,21,mqueenboroughqi@businesswire.com,China
956,Gertrudis,Skillern,19,gskillernqj@businessweek.com,China
957,Isadore,Gowry,18,igowryqk@miitbeian.gov.cn,Vietnam
958,Lonnie,Struan,24,lstruanql@hexun.com,Mongolia
959,Tobin,Kenyam,20,tkenyamqm@phpbb.com,Ukraine
960,Ardath,Shaw,25,ashawqn@go.com,Argentina
961,Gilligan,Tocknell,19,gtocknellqo@google.com.hk,Brazil
962,Anson,Bickerstaffe,21,abickerstaffeqp@pbs.org,Peru
963,Casie,Dowry,18,cdowryqq@istockphoto.com,Indonesia
964,Gretchen,Alvar,24,galvarqr@zdnet.com,Vietnam
965,Florenza,Camelin,25,fcamelinqs@paginegialle.it,China
966,Engracia,Nickless,22,enicklessqt@usnews.com,China
967,Sebastian,Huggens,18,shuggensqu@photobucket.com,Indonesia
968,Lonny,Fitzsymon,20,lfitzsymonqv@sina.com.cn,Greece
969,Heidi,Fennick,18,hfennickqw@ezinearticles.com,Indonesia
970,Nora,Chadd,21,nchaddqx@go.com,United States
971,Bee,Guyers,21,bguyersqy@vkontakte.ru,Russia
972,Jack,Mellody,25,jmellodyqz@spiegel.de,Botswana
973,Toby,Grayham,21,tgrayhamr0@columbia.edu,China
974,Claudian,Dimitru,23,cdimitrur1@ebay.co.uk,Russia
975,Silvio,Talloe,20,stalloer2@cyberchimps.com,Thailand
976,Almeda,Dart,20,adartr3@booking.com,Armenia
977,Amity,Roobottom,25,aroobottomr4@mashable.com,China
978,Phillie,Gonsalo,25,pgonsalor5@wsj.com,Russia
979,Hazel,Heijne,18,hheijner6@studiopress.com,Indonesia
980,Ingra,Ingilson,24,iingilsonr7@live.com,Pakistan
981,Cariotta,Hedman,23,chedmanr8@usnews.com,Portugal
982,Babette,Kolczynski,19,bkolczynskir9@redcross.org,Russia
983,Amata,Casford,21,acasfordra@spotify.com,Norway
984,Amandy,Sitch,25,asitchrb@deliciousdays.com,Greece
985,Jacquie,Coplestone,24,jcoplestonerc@springer.com,Serbia
986,Cathyleen,Gooke,22,cgookerd@whitehouse.gov,Ecuador
987,Ileana,Duck,24,iduckre@desdev.cn,Indonesia
988,Ingunna,Chasen,25,ichasenrf@histats.com,Russia
989,Elston,Oxlee,18,eoxleerg@i2i.jp,China
990,Aluin,Pettus,22,apettusrh@facebook.com,Philippines
991,Janek,O'Bruen,18,jobruenri@tripadvisor.com,Philippines
992,Rea,Haresign,18,rharesignrj@liveinternet.ru,Indonesia
993,Mersey,Vowell,21,mvowellrk@amazon.co.jp,Afghanistan
994,Mabel,Kean,22,mkeanrl@telegraph.co.uk,Czech Republic
995,Godfree,Danbye,23,gdanbyerm@sciencedaily.com,Russia
996,Josefa,Klaiser,24,jklaiserrn@nydailynews.com,Cameroon
997,Lilias,Ambrozewicz,23,lambrozewiczro@lulu.com,United States
998,Joy,Jendas,20,jjendasrp@jalbum.net,Philippines
999,Lin,Gowdie,23,lgowdierq@qq.com,Ethiopia
1000,Harriett,Wick,20,hwickrr@trellian.com,Tunisia
