student_id,grade_math,grade_science,grade_english,Final_score
1,68,80,15,54
2,29,30,60,39
3,76,0,55,43
4,82,88,90,86
5,77,23,11,37
6,44,78,30,50
7,100,61,90,83
8,98,81,59,79
9,35,51,41,42
10,46,38,16,33
11,89,40,65,64
12,80,47,53,60
13,95,30,49,58
14,60,89,12,53
15,61,27,32,40
16,56,2,41,33
17,23,72,90,61
18,78,98,95,90
19,28,40,3,23
20,100,6,55,53
21,63,81,12,52
22,38,67,74,59
23,82,88,27,65
24,71,6,26,34
25,78,97,8,61
26,20,34,76,43
27,51,60,18,43
28,87,94,92,91
29,76,66,68,70
30,32,62,80,58
31,41,15,93,49
32,90,95,63,82
33,87,4,74,55
34,12,55,88,51
35,0,14,69,27
36,31,55,9,31
37,81,33,31,48
38,24,18,16,19
39,41,1,12,18
40,97,66,64,75
41,73,1,96,56
42,62,41,74,59
43,87,92,50,76
44,7,70,79,52
45,19,47,90,52
46,53,57,21,43
47,16,67,12,31
48,69,10,60,46
49,89,5,99,64
50,90,16,44,50
51,77,78,13,56
52,54,28,41,41
53,59,70,82,70
54,86,10,35,43
55,71,22,59,50
56,45,47,40,44
57,61,31,52,48
58,76,43,36,51
59,98,43,93,78
60,21,65,91,59
61,82,34,18,44
62,61,26,33,40
63,82,35,16,44
64,39,94,83,72
65,6,44,11,20
66,62,90,39,63
67,71,78,16,55
68,91,64,63,72
69,100,27,54,60
70,34,57,63,51
71,21,16,63,33
72,31,65,26,40
73,68,33,60,53
74,9,91,29,43
75,79,2,82,54
76,10,61,86,52
77,83,81,20,61
78,34,20,71,41
79,31,48,5,28
80,26,15,51,30
81,81,72,51,68
82,13,27,62,34
83,44,78,55,59
84,79,18,29,42
85,69,96,50,71
86,62,99,6,55
87,95,46,73,71
88,37,47,76,53
89,74,90,5,56
90,22,25,68,38
91,89,88,12,63
92,37,18,43,32
93,3,51,4,19
94,91,88,41,73
95,13,10,57,26
96,38,81,84,67
97,94,49,31,58
98,36,81,53,56
99,67,55,13,45
100,84,28,57,56
101,44,90,68,67
102,60,34,71,55
103,39,18,3,20
104,22,68,70,53
105,12,31,4,15
106,45,85,47,59
107,24,38,31,31
108,37,40,50,42
109,92,45,61,66
110,55,43,72,56
111,47,33,7,29
112,16,26,42,28
113,48,79,11,46
114,72,76,41,63
115,59,70,80,69
116,4,73,19,32
117,57,74,92,74
118,20,16,1,12
119,73,42,28,47
120,26,40,19,28
121,17,95,71,61
122,79,67,63,69
123,65,90,72,75
124,35,70,0,35
125,22,4,60,28
126,94,2,78,58
127,35,69,12,38
128,16,31,25,24
129,9,7,48,21
130,55,52,87,64
131,63,14,99,58
132,8,60,42,36
133,64,28,97,63
134,42,92,11,48
135,86,44,20,50
136,37,86,53,58
137,61,3,35,33
138,67,94,70,77
139,60,67,79,68
140,17,78,69,54
141,15,78,70,54
142,17,49,27,31
143,3,73,20,32
144,18,35,100,51
145,7,30,94,43
146,65,28,36,43
147,40,2,91,44
148,49,41,36,42
149,50,5,99,51
150,19,84,55,52
151,99,96,77,90
152,94,26,68,62
153,66,1,80,49
154,61,14,98,57
155,78,94,34,68
156,26,1,9,12
157,20,95,77,64
158,94,32,85,70
159,13,5,48,22
160,5,88,47,46
161,6,40,56,34
162,31,54,83,56
163,50,43,93,62
164,78,41,10,43
165,91,33,83,69
166,34,13,38,28
167,88,89,14,63
168,54,56,0,36
169,83,41,76,66
170,73,41,65,59
171,19,2,90,37
172,8,43,47,32
173,30,48,40,39
174,24,25,20,23
175,55,45,14,38
176,68,28,20,38
177,15,30,81,42
178,77,69,96,80
179,31,31,14,25
180,56,75,24,51
181,89,35,33,52
182,44,64,79,62
183,86,91,99,92
184,6,35,16,19
185,41,87,14,47
186,30,22,7,19
187,82,75,72,76
188,98,87,26,70
189,65,44,66,58
190,5,51,24,26
191,39,51,41,43
192,82,37,14,44
193,23,54,75,50
194,37,39,36,37
195,27,52,96,58
196,35,28,21,28
197,2,88,70,53
198,45,24,45,38
199,82,2,80,54
200,22,83,60,55
201,17,2,21,13
202,66,26,61,51
203,56,4,8,22
204,95,21,29,48
205,62,51,97,70
206,17,21,75,37
207,24,94,96,71
208,74,6,44,41
209,34,31,17,27
210,8,14,44,22
211,73,34,7,38
212,23,70,19,37
213,50,91,69,70
214,6,92,61,53
215,73,33,52,52
216,72,15,21,36
217,17,12,66,31
218,29,23,20,24
219,47,73,82,67
220,51,84,64,66
221,41,32,29,34
222,98,61,46,68
223,47,38,100,61
224,17,6,6,9
225,93,56,78,75
226,47,48,93,62
227,65,52,72,63
228,65,10,10,28
229,56,38,94,62
230,80,32,85,65
231,20,31,66,39
232,99,88,84,90
233,25,24,9,19
234,60,74,60,64
235,54,48,22,41
236,65,33,31,43
237,51,13,86,50
238,24,88,61,57
239,32,92,10,44
240,57,13,37,35
241,32,57,92,60
242,9,1,47,19
243,8,20,53,27
244,42,83,8,44
245,10,78,68,52
246,73,88,61,74
247,34,10,91,45
248,59,86,98,81
249,68,32,5,35
250,30,60,68,52
251,8,97,30,45
252,90,54,99,81
253,60,23,29,37
254,64,95,71,76
255,91,24,62,59
256,2,34,71,35
257,56,69,71,65
258,83,70,95,82
259,3,79,46,42
260,81,41,25,49
261,94,13,5,37
262,78,27,88,64
263,31,70,53,51
264,1,68,62,43
265,77,94,61,77
266,44,49,85,59
267,17,27,1,15
268,21,52,26,33
269,93,23,75,63
270,16,85,84,61
271,18,65,62,48
272,37,98,18,51
273,67,41,55,54
274,70,25,85,60
275,35,69,66,56
276,82,18,51,50
277,32,71,52,51
278,57,21,51,43
279,38,33,87,52
280,35,18,26,26
281,53,43,33,43
282,26,34,6,22
283,0,40,18,19
284,9,96,89,64
285,96,71,12,59
286,18,3,64,28
287,72,5,35,37
288,16,49,48,37
289,69,92,11,57
290,84,47,34,55
291,0,3,95,32
292,59,45,86,63
293,61,25,18,34
294,38,37,98,57
295,53,8,27,29
296,36,86,46,56
297,60,39,4,34
298,31,24,44,33
299,7,69,67,47
300,79,1,100,60
301,27,46,80,51
302,38,13,38,29
303,64,14,45,41
304,98,14,88,66
305,82,25,97,68
306,94,90,6,63
307,84,24,5,37
308,49,4,50,34
309,34,54,83,57
310,15,57,2,24
311,89,33,21,47
312,58,0,61,39
313,51,86,84,73
314,54,19,58,43
315,37,38,42,39
316,32,72,33,45
317,82,1,19,34
318,10,89,16,38
319,37,42,43,40
320,87,35,22,48
321,21,74,85,60
322,26,17,46,29
323,36,87,25,49
324,70,61,63,64
325,40,28,48,38
326,14,67,30,37
327,11,62,31,34
328,8,7,57,24
329,60,72,35,55
330,9,3,78,30
331,76,87,59,74
332,71,91,87,83
333,49,100,74,74
334,67,3,82,50
335,11,49,69,43
336,9,9,89,35
337,98,10,78,62
338,34,43,15,30
339,64,91,26,60
340,68,36,66,56
341,89,47,89,75
342,69,44,92,68
343,98,58,6,54
344,4,73,85,54
345,37,10,72,39
346,22,76,5,34
347,96,36,4,45
348,31,13,81,41
349,22,65,42,43
350,82,56,99,79
351,23,91,35,49
352,82,7,58,49
353,99,53,57,69
354,32,27,58,39
355,74,68,31,57
356,5,80,49,44
357,13,48,81,47
358,99,23,15,45
359,61,59,76,65
360,47,45,69,53
361,18,75,71,54
362,63,32,38,44
363,65,9,27,33
364,4,2,71,25
365,89,55,21,55
366,100,17,84,67
367,84,35,20,46
368,49,5,16,23
369,50,94,96,80
370,56,97,17,56
371,47,68,39,51
372,36,86,77,66
373,89,22,93,68
374,80,64,5,49
375,2,10,21,11
376,81,46,98,75
377,74,5,55,44
378,44,75,29,49
379,42,31,49,40
380,94,83,17,64
381,7,85,43,45
382,98,80,50,76
383,85,78,49,70
384,48,24,34,35
385,77,87,95,86
386,58,12,47,39
387,48,28,36,37
388,85,60,57,67
389,40,16,7,21
390,15,40,89,48
391,12,96,100,69
392,48,87,8,47
393,36,78,88,67
394,15,68,93,58
395,93,72,40,68
396,14,92,70,58
397,5,60,22,29
398,35,14,32,27
399,32,76,78,62
400,16,48,37,33
401,21,32,58,37
402,42,61,33,45
403,59,71,73,67
404,43,93,66,67
405,53,67,79,66
406,63,96,18,59
407,43,30,59,44
408,42,61,97,66
409,50,71,8,43
410,71,49,89,69
411,64,2,54,40
412,96,23,35,51
413,50,14,67,43
414,47,1,17,21
415,90,27,92,69
416,22,76,61,53
417,17,16,0,11
418,52,8,72,44
419,57,38,28,41
420,61,69,28,52
421,86,0,28,38
422,38,81,85,68
423,12,5,19,12
424,78,65,24,55
425,1,41,43,28
426,96,44,32,57
427,20,11,65,32
428,45,44,34,41
429,97,94,59,83
430,91,83,3,59
431,13,68,54,45
432,49,10,2,20
433,49,20,86,51
434,90,35,17,47
435,92,25,64,60
436,22,12,84,39
437,0,44,17,20
438,58,5,23,28
439,2,76,78,52
440,54,88,18,53
441,45,75,23,47
442,65,5,61,43
443,39,10,91,46
444,37,40,91,56
445,80,75,1,52
446,62,79,27,56
447,85,72,19,58
448,56,63,3,40
449,24,67,57,49
450,12,9,64,28
451,98,14,11,41
452,74,41,33,49
453,23,1,26,16
454,91,0,40,43
455,97,12,48,52
456,37,37,45,39
457,56,11,12,26
458,41,78,18,45
459,94,21,15,43
460,23,23,89,45
461,13,29,85,42
462,21,6,47,24
463,92,76,6,58
464,55,2,93,50
465,34,95,5,44
466,54,41,15,36
467,3,23,35,20
468,15,75,6,32
469,31,7,62,33
470,80,13,39,44
471,72,91,97,86
472,90,98,67,85
473,79,23,65,55
474,61,46,69,58
475,52,16,45,37
476,69,20,41,43
477,90,2,78,56
478,72,31,74,59
479,51,99,99,83
480,31,35,24,30
481,57,21,23,33
482,25,61,66,50
483,30,100,96,75
484,54,24,67,48
485,5,85,26,38
486,90,76,7,57
487,29,30,67,42
488,12,2,22,12
489,81,100,68,83
490,80,60,37,59
491,1,51,50,34
492,11,18,98,42
493,22,28,22,24
494,56,12,39,35
495,55,72,13,46
496,32,89,38,53
497,75,7,89,57
498,70,97,66,77
499,78,88,68,78
500,42,63,46,50
501,23,96,92,70
502,48,59,8,38
503,81,39,16,45
504,45,58,24,42
505,44,52,17,37
506,61,92,47,66
507,92,52,58,67
508,58,84,69,70
509,21,22,92,45
510,54,96,52,67
511,26,10,29,21
512,55,78,44,59
513,44,31,72,49
514,24,59,75,52
515,7,64,30,33
516,71,2,69,47
517,60,25,39,41
518,12,79,4,31
519,53,100,36,63
520,55,46,86,62
521,50,98,7,51
522,84,75,74,77
523,32,99,7,46
524,57,16,35,36
525,87,45,52,61
526,42,74,63,59
527,24,49,94,55
528,17,40,69,42
529,85,52,43,60
530,73,24,55,50
531,78,98,88,88
532,38,29,62,43
533,3,87,47,45
534,30,36,43,36
535,52,5,43,33
536,28,31,65,41
537,59,58,91,69
538,5,90,52,49
539,29,90,29,49
540,18,11,83,37
541,36,15,20,23
542,37,16,99,50
543,74,47,25,48
544,60,98,37,65
545,61,59,39,53
546,27,26,2,18
547,89,84,39,70
548,22,83,85,63
549,89,39,92,73
550,46,94,84,74
551,0,98,51,49
552,80,51,13,48
553,59,79,51,63
554,22,59,63,48
555,23,86,34,47
556,36,91,37,54
557,84,79,84,82
558,71,72,86,76
559,99,67,27,64
560,3,49,49,33
561,91,21,6,39
562,72,44,38,51
563,21,51,42,38
564,72,21,93,62
565,22,51,65,46
566,4,81,81,55
567,35,5,14,18
568,27,87,16,43
569,13,53,35,33
570,93,95,29,72
571,28,96,22,48
572,17,98,34,49
573,68,95,82,81
574,5,62,86,51
575,96,92,1,63
576,76,89,96,87
577,97,71,15,61
578,18,3,45,22
579,23,28,26,25
580,16,30,50,32
581,94,87,64,81
582,49,1,11,20
583,22,93,100,71
584,97,66,75,79
585,94,80,57,77
586,58,58,73,63
587,12,12,97,40
588,70,85,10,55
589,1,61,25,29
590,29,38,20,29
591,43,95,63,67
592,81,28,18,42
593,61,24,69,51
594,81,62,45,62
595,68,28,11,35
596,7,96,40,47
597,47,93,94,78
598,51,18,91,53
599,84,6,19,36
600,100,9,99,69
601,96,51,20,55
602,32,14,72,39
603,78,92,72,80
604,39,79,87,68
605,78,97,77,84
606,55,47,86,62
607,48,18,46,37
608,65,55,44,54
609,19,56,82,52
610,56,18,96,56
611,15,50,18,27
612,73,19,74,55
613,80,17,97,64
614,1,20,100,40
615,82,25,92,66
616,82,10,64,52
617,42,34,29,35
618,54,43,55,50
619,54,76,30,53
620,3,5,36,14
621,34,18,47,33
622,9,29,57,31
623,66,1,71,46
624,19,94,93,68
625,20,52,83,51
626,23,49,61,44
627,26,57,18,33
628,54,58,29,47
629,69,58,21,49
630,68,70,100,79
631,14,37,50,33
632,57,85,49,63
633,11,15,25,17
634,80,26,97,67
635,56,49,46,50
636,37,25,58,40
637,6,20,91,39
638,88,30,70,62
639,87,15,7,36
640,84,42,80,68
641,82,10,81,57
642,51,30,3,28
643,21,38,8,22
644,38,87,63,62
645,20,81,21,40
646,33,93,44,56
647,30,29,98,52
648,95,53,54,67
649,0,45,21,22
650,68,72,43,61
651,34,33,96,54
652,11,47,100,52
653,32,49,7,29
654,26,35,89,50
655,97,6,31,44
656,45,64,0,36
657,24,48,23,31
658,62,8,85,51
659,81,8,45,44
660,36,56,4,32
661,90,28,53,57
662,1,2,93,32
663,51,85,84,73
664,15,97,65,59
665,25,1,79,35
666,60,13,31,34
667,97,68,45,70
668,15,76,68,53
669,87,12,87,62
670,3,31,36,23
671,67,86,21,58
672,40,73,27,46
673,78,94,0,57
674,99,19,1,39
675,82,60,42,61
676,58,87,11,52
677,53,39,66,52
678,56,91,48,65
679,90,48,62,66
680,47,58,68,57
681,17,72,30,39
682,65,43,13,40
683,39,34,10,27
684,9,42,36,29
685,66,71,73,70
686,70,99,56,75
687,4,35,42,27
688,30,39,91,53
689,9,25,30,21
690,68,12,1,27
691,38,93,36,55
692,85,92,22,66
693,97,68,18,61
694,69,87,36,64
695,36,100,4,46
696,88,78,1,55
697,45,66,30,47
698,64,4,72,46
699,82,99,84,88
700,51,43,32,42
701,13,46,2,20
702,66,88,92,82
703,72,61,98,77
704,17,8,2,9
705,90,33,64,62
706,96,38,65,66
707,47,72,46,55
708,62,4,8,24
709,58,25,85,56
710,68,4,14,28
711,29,9,85,41
712,10,25,92,42
713,85,91,58,78
714,11,24,95,43
715,9,43,29,27
716,8,92,39,46
717,89,54,20,54
718,57,2,72,43
719,78,63,25,55
720,6,68,93,55
721,83,44,55,60
722,16,69,84,56
723,56,80,74,70
724,53,80,42,58
725,21,81,92,64
726,69,27,96,64
727,90,85,61,78
728,53,87,23,54
729,51,75,76,67
730,93,21,56,56
731,54,83,81,72
732,6,82,40,42
733,15,35,86,45
734,79,18,64,53
735,77,58,7,47
736,56,24,54,44
737,78,97,96,90
738,54,48,33,45
739,97,48,94,79
740,93,80,95,89
741,77,16,17,36
742,22,27,93,47
743,8,89,62,53
744,69,22,81,57
745,33,88,47,56
746,7,39,22,22
747,91,10,99,66
748,56,53,87,65
749,48,19,3,23
750,14,89,59,54
751,7,68,48,41
752,62,75,5,47
753,45,67,36,49
754,93,29,94,72
755,35,78,86,66
756,62,54,28,48
757,48,59,99,68
758,68,7,10,28
759,42,75,2,39
760,60,63,1,41
761,20,100,49,56
762,9,15,86,36
763,87,11,79,59
764,40,59,46,48
765,58,11,81,50
766,100,39,76,71
767,80,29,31,46
768,65,36,30,43
769,0,15,10,8
770,27,88,63,59
771,87,13,66,55
772,99,55,86,80
773,69,75,71,71
774,13,62,15,30
775,46,2,38,28
776,72,85,80,79
777,11,63,48,40
778,96,64,97,85
779,72,74,64,70
780,80,100,28,69
781,44,18,42,34
782,43,95,79,72
783,31,54,89,58
784,83,57,4,48
785,21,25,39,28
786,0,68,48,38
787,58,26,85,56
788,92,30,12,44
789,68,53,4,41
790,35,79,47,53
791,26,33,56,38
792,87,44,13,48
793,64,10,36,36
794,36,77,37,50
795,76,52,32,53
796,23,14,33,23
797,8,32,56,32
798,97,81,46,74
799,40,53,25,39
800,3,31,92,42
801,47,34,20,33
802,14,59,17,30
803,70,24,71,55
804,15,44,93,50
805,41,81,41,54
806,12,38,83,44
807,9,92,6,35
808,10,24,87,40
809,11,97,18,42
810,90,42,14,48
811,63,50,58,57
812,29,44,83,52
813,28,35,99,54
814,6,56,25,29
815,44,94,53,63
816,58,56,78,64
817,94,58,20,57
818,93,16,24,44
819,58,8,3,23
820,70,9,38,39
821,13,40,96,49
822,50,17,73,46
823,99,40,7,48
824,34,82,71,62
825,7,81,17,35
826,26,93,87,68
827,88,36,67,63
828,98,43,26,55
829,44,70,79,64
830,11,34,14,19
831,19,22,59,33
832,37,70,3,36
833,20,28,18,22
834,95,56,87,79
835,93,61,14,56
836,69,3,11,27
837,75,61,76,70
838,51,74,100,75
839,22,53,88,54
840,56,86,1,47
841,8,16,9,11
842,48,33,85,55
843,38,9,52,33
844,92,46,31,56
845,34,43,14,30
846,61,55,45,53
847,70,41,36,49
848,60,41,21,40
849,78,91,48,72
850,81,34,29,48
851,42,84,30,52
852,14,68,3,28
853,29,26,64,39
854,3,65,100,56
855,75,33,28,45
856,6,79,10,31
857,95,28,69,64
858,77,46,3,42
859,12,3,23,12
860,47,24,1,24
861,74,71,55,66
862,52,11,70,44
863,65,67,66,66
864,93,48,88,76
865,68,56,60,61
866,2,11,9,7
867,92,100,43,78
868,12,58,42,37
869,44,35,17,32
870,12,52,99,54
871,28,40,2,23
872,64,53,88,68
873,25,74,86,61
874,55,92,46,64
875,39,51,12,34
876,78,38,92,69
877,71,28,91,63
878,9,61,73,47
879,59,48,34,47
880,66,5,5,25
881,93,20,36,49
882,11,12,14,12
883,35,49,73,52
884,20,45,42,35
885,12,82,99,64
886,99,82,71,84
887,77,3,88,56
888,31,89,51,57
889,28,98,59,61
890,18,45,87,50
891,53,89,94,78
892,14,1,74,29
893,42,96,92,76
894,28,37,72,45
895,25,19,96,46
896,52,89,22,54
897,49,45,36,43
898,45,85,69,66
899,64,35,70,56
900,22,4,83,36
901,96,85,11,64
902,66,46,91,67
903,74,36,35,48
904,83,72,80,78
905,56,59,81,65
906,26,71,7,34
907,92,23,0,38
908,4,20,56,26
909,6,52,52,36
910,73,13,22,36
911,100,47,51,66
912,69,81,36,62
913,69,74,10,51
914,72,78,49,66
915,11,33,91,45
916,72,32,25,43
917,2,10,85,32
918,85,7,3,31
919,5,25,29,19
920,86,58,92,78
921,1,35,59,31
922,88,44,55,62
923,24,62,8,31
924,48,9,31,29
925,96,0,23,39
926,84,28,82,64
927,29,95,91,71
928,66,15,60,47
929,1,48,44,31
930,69,92,60,73
931,19,1,66,28
932,74,47,75,65
933,63,12,36,37
934,29,15,46,30
935,65,10,41,38
936,1,43,92,45
937,48,30,14,30
938,0,26,11,12
939,31,53,58,47
940,85,70,49,68
941,23,65,95,61
942,47,76,43,55
943,91,14,28,44
944,20,59,78,52
945,15,13,99,42
946,46,0,4,16
947,77,30,42,49
948,56,13,92,53
949,95,31,84,70
950,74,6,16,32
951,80,44,8,44
952,14,42,69,41
953,52,11,15,26
954,60,97,84,80
955,50,4,51,35
956,47,11,97,51
957,25,2,16,14
958,46,56,65,55
959,35,11,94,46
960,99,11,76,62
961,15,43,96,51
962,75,52,93,73
963,31,89,94,71
964,78,72,89,79
965,61,64,66,63
966,1,17,6,8
967,64,42,3,36
968,64,44,4,37
969,94,64,51,69
970,20,22,66,36
971,45,89,6,46
972,87,70,74,77
973,1,62,46,36
974,89,81,7,59
975,90,30,0,40
976,54,12,58,41
977,63,85,25,57
978,33,62,4,33
979,58,96,65,73
980,55,33,83,57
981,7,77,37,40
982,4,86,2,30
983,21,18,7,15
984,27,51,64,47
985,45,59,63,55
986,48,37,90,58
987,4,75,98,59
988,32,15,32,26
989,97,1,12,36
990,68,15,86,56
991,87,62,15,54
992,79,50,95,74
993,31,11,1,14
994,26,8,4,12
995,20,68,40,42
996,31,66,94,63
997,66,30,66,54
998,84,50,61,65
999,44,11,80,45
1000,64,48,83,65
