student_id,country,grade_math,grade_science,grade_english,Final_score
1,Venezuela,68,80,15,54
2,Bulgaria,29,30,60,39
3,New Zealand,76,0,55,43
4,China,82,88,90,86
5,China,77,23,11,37
6,China,44,78,30,50
7,Malta,100,61,90,83
8,China,98,81,59,79
9,El Salvador,35,51,41,42
10,Argentina,46,38,16,33
11,Macedonia,89,40,65,64
12,Mexico,80,47,53,60
13,France,95,30,49,58
14,Argentina,60,89,12,53
15,Brazil,61,27,32,40
16,Guatemala,56,2,41,33
17,Sweden,23,72,90,61
18,Slovenia,78,98,95,90
19,China,28,40,3,23
20,Indonesia,100,6,55,53
21,Vietnam,63,81,12,52
22,Croatia,38,67,74,59
23,Russia,82,88,27,65
24,Philippines,71,6,26,34
25,China,78,97,8,61
26,China,20,34,76,43
27,Portugal,51,60,18,43
28,China,87,94,92,91
29,China,76,66,68,70
30,China,32,62,80,58
31,Portugal,41,15,93,49
32,Portugal,90,95,63,82
33,Indonesia,87,4,74,55
34,Lithuania,12,55,88,51
35,Russia,0,14,69,27
36,China,31,55,9,31
37,Philippines,81,33,31,48
38,Philippines,24,18,16,19
39,France,41,1,12,18
40,Poland,97,66,64,75
41,Indonesia,73,1,96,56
42,South Korea,62,41,74,59
43,Kenya,87,92,50,76
44,Paraguay,7,70,79,52
45,Curacao,19,47,90,52
46,Portugal,53,57,21,43
47,Mexico,16,67,12,31
48,Argentina,69,10,60,46
49,Brazil,89,5,99,64
50,Argentina,90,16,44,50
51,China,77,78,13,56
52,Palestinian Territory,54,28,41,41
53,Japan,59,70,82,70
54,Russia,86,10,35,43
55,Syria,71,22,59,50
56,China,45,47,40,44
57,Czech Republic,61,31,52,48
58,Croatia,76,43,36,51
59,Philippines,98,43,93,78
60,Germany,21,65,91,59
61,France,82,34,18,44
62,South Africa,61,26,33,40
63,Kenya,82,35,16,44
64,Indonesia,39,94,83,72
65,Taiwan,6,44,11,20
66,Czech Republic,62,90,39,63
67,Philippines,71,78,16,55
68,China,91,64,63,72
69,Afghanistan,100,27,54,60
70,Russia,34,57,63,51
71,Syria,21,16,63,33
72,Japan,31,65,26,40
73,Indonesia,68,33,60,53
74,Indonesia,9,91,29,43
75,Philippines,79,2,82,54
76,Lithuania,10,61,86,52
77,Russia,83,81,20,61
78,Brazil,34,20,71,41
79,Portugal,31,48,5,28
80,Portugal,26,15,51,30
81,Russia,81,72,51,68
82,Azerbaijan,13,27,62,34
83,China,44,78,55,59
84,China,79,18,29,42
85,Russia,69,96,50,71
86,Portugal,62,99,6,55
87,Poland,95,46,73,71
88,United States,37,47,76,53
89,Czech Republic,74,90,5,56
90,Azerbaijan,22,25,68,38
91,Philippines,89,88,12,63
92,Nigeria,37,18,43,32
93,Panama,3,51,4,19
94,Sri Lanka,91,88,41,73
95,Indonesia,13,10,57,26
96,China,38,81,84,67
97,Russia,94,49,31,58
98,Ukraine,36,81,53,56
99,Indonesia,67,55,13,45
100,Republic of the Congo,84,28,57,56
101,Portugal,44,90,68,67
102,Greece,60,34,71,55
103,Poland,39,18,3,20
104,Thailand,22,68,70,53
105,Philippines,12,31,4,15
106,Portugal,45,85,47,59
107,Philippines,24,38,31,31
108,Brazil,37,40,50,42
109,China,92,45,61,66
110,Poland,55,43,72,56
111,Indonesia,47,33,7,29
112,Portugal,16,26,42,28
113,Russia,48,79,11,46
114,Sweden,72,76,41,63
115,Philippines,59,70,80,69
116,Kazakhstan,4,73,19,32
117,Indonesia,57,74,92,74
118,Iran,20,16,1,12
119,China,73,42,28,47
120,Sweden,26,40,19,28
121,Philippines,17,95,71,61
122,Ukraine,79,67,63,69
123,Brazil,65,90,72,75
124,Mali,35,70,0,35
125,Czech Republic,22,4,60,28
126,Russia,94,2,78,58
127,Poland,35,69,12,38
128,Vietnam,16,31,25,24
129,Peru,9,7,48,21
130,Latvia,55,52,87,64
131,Portugal,63,14,99,58
132,Japan,8,60,42,36
133,China,64,28,97,63
134,France,42,92,11,48
135,Portugal,86,44,20,50
136,Finland,37,86,53,58
137,Brazil,61,3,35,33
138,Colombia,67,94,70,77
139,South Africa,60,67,79,68
140,Portugal,17,78,69,54
141,United States,15,78,70,54
142,Sweden,17,49,27,31
143,Indonesia,3,73,20,32
144,Canada,18,35,100,51
145,Luxembourg,7,30,94,43
146,Russia,65,28,36,43
147,Brazil,40,2,91,44
148,Russia,49,41,36,42
149,China,50,5,99,51
150,Ukraine,19,84,55,52
151,Philippines,99,96,77,90
152,China,94,26,68,62
153,Russia,66,1,80,49
154,Mexico,61,14,98,57
155,Philippines,78,94,34,68
156,China,26,1,9,12
157,Poland,20,95,77,64
158,Peru,94,32,85,70
159,Albania,13,5,48,22
160,Peru,5,88,47,46
161,China,6,40,56,34
162,Indonesia,31,54,83,56
163,China,50,43,93,62
164,Reunion,78,41,10,43
165,Guatemala,91,33,83,69
166,Portugal,34,13,38,28
167,China,88,89,14,63
168,Indonesia,54,56,0,36
169,Czech Republic,83,41,76,66
170,Brazil,73,41,65,59
171,Argentina,19,2,90,37
172,Poland,8,43,47,32
173,Panama,30,48,40,39
174,China,24,25,20,23
175,Iraq,55,45,14,38
176,Portugal,68,28,20,38
177,Poland,15,30,81,42
178,Indonesia,77,69,96,80
179,Brazil,31,31,14,25
180,China,56,75,24,51
181,Indonesia,89,35,33,52
182,Sri Lanka,44,64,79,62
183,Vietnam,86,91,99,92
184,United States,6,35,16,19
185,Peru,41,87,14,47
186,Nigeria,30,22,7,19
187,China,82,75,72,76
188,Japan,98,87,26,70
189,China,65,44,66,58
190,Togo,5,51,24,26
191,France,39,51,41,43
192,Brazil,82,37,14,44
193,Israel,23,54,75,50
194,South Africa,37,39,36,37
195,Croatia,27,52,96,58
196,Belarus,35,28,21,28
197,Poland,2,88,70,53
198,Poland,45,24,45,38
199,Indonesia,82,2,80,54
200,Argentina,22,83,60,55
201,Indonesia,17,2,21,13
202,Chad,66,26,61,51
203,China,56,4,8,22
204,Ireland,95,21,29,48
205,China,62,51,97,70
206,Swaziland,17,21,75,37
207,Iran,24,94,96,71
208,Niger,74,6,44,41
209,Portugal,34,31,17,27
210,Brazil,8,14,44,22
211,Indonesia,73,34,7,38
212,Indonesia,23,70,19,37
213,Russia,50,91,69,70
214,Ukraine,6,92,61,53
215,China,73,33,52,52
216,Brazil,72,15,21,36
217,Indonesia,17,12,66,31
218,Poland,29,23,20,24
219,Canada,47,73,82,67
220,China,51,84,64,66
221,Poland,41,32,29,34
222,China,98,61,46,68
223,Russia,47,38,100,61
224,Poland,17,6,6,9
225,China,93,56,78,75
226,China,47,48,93,62
227,Indonesia,65,52,72,63
228,Russia,65,10,10,28
229,Sweden,56,38,94,62
230,China,80,32,85,65
231,France,20,31,66,39
232,Peru,99,88,84,90
233,Sweden,25,24,9,19
234,Argentina,60,74,60,64
235,China,54,48,22,41
236,Russia,65,33,31,43
237,China,51,13,86,50
238,China,24,88,61,57
239,Portugal,32,92,10,44
240,Czech Republic,57,13,37,35
241,China,32,57,92,60
242,Brazil,9,1,47,19
243,China,8,20,53,27
244,Luxembourg,42,83,8,44
245,Sweden,10,78,68,52
246,China,73,88,61,74
247,Mauritius,34,10,91,45
248,Philippines,59,86,98,81
249,Brazil,68,32,5,35
250,South Korea,30,60,68,52
251,Philippines,8,97,30,45
252,Czech Republic,90,54,99,81
253,Sweden,60,23,29,37
254,China,64,95,71,76
255,Indonesia,91,24,62,59
256,Portugal,2,34,71,35
257,Cuba,56,69,71,65
258,China,83,70,95,82
259,Finland,3,79,46,42
260,Russia,81,41,25,49
261,Indonesia,94,13,5,37
262,Indonesia,78,27,88,64
263,Philippines,31,70,53,51
264,Brazil,1,68,62,43
265,Portugal,77,94,61,77
266,Azerbaijan,44,49,85,59
267,China,17,27,1,15
268,China,21,52,26,33
269,China,93,23,75,63
270,Indonesia,16,85,84,61
271,Indonesia,18,65,62,48
272,Afghanistan,37,98,18,51
273,Philippines,67,41,55,54
274,Estonia,70,25,85,60
275,United States,35,69,66,56
276,Philippines,82,18,51,50
277,Taiwan,32,71,52,51
278,Peru,57,21,51,43
279,China,38,33,87,52
280,Somalia,35,18,26,26
281,Russia,53,43,33,43
282,United States,26,34,6,22
283,Philippines,0,40,18,19
284,China,9,96,89,64
285,Philippines,96,71,12,59
286,Colombia,18,3,64,28
287,Indonesia,72,5,35,37
288,Argentina,16,49,48,37
289,Philippines,69,92,11,57
290,Sweden,84,47,34,55
291,Albania,0,3,95,32
292,Colombia,59,45,86,63
293,Ukraine,61,25,18,34
294,Ukraine,38,37,98,57
295,Brazil,53,8,27,29
296,France,36,86,46,56
297,Croatia,60,39,4,34
298,Poland,31,24,44,33
299,Indonesia,7,69,67,47
300,Israel,79,1,100,60
301,France,27,46,80,51
302,United States,38,13,38,29
303,Portugal,64,14,45,41
304,Spain,98,14,88,66
305,France,82,25,97,68
306,Japan,94,90,6,63
307,Indonesia,84,24,5,37
308,China,49,4,50,34
309,Albania,34,54,83,57
310,Japan,15,57,2,24
311,China,89,33,21,47
312,Philippines,58,0,61,39
313,Mexico,51,86,84,73
314,China,54,19,58,43
315,Dominican Republic,37,38,42,39
316,Costa Rica,32,72,33,45
317,China,82,1,19,34
318,China,10,89,16,38
319,Chile,37,42,43,40
320,Poland,87,35,22,48
321,Ethiopia,21,74,85,60
322,Indonesia,26,17,46,29
323,China,36,87,25,49
324,Brazil,70,61,63,64
325,Poland,40,28,48,38
326,Poland,14,67,30,37
327,Sweden,11,62,31,34
328,Russia,8,7,57,24
329,Brazil,60,72,35,55
330,Portugal,9,3,78,30
331,Czech Republic,76,87,59,74
332,Portugal,71,91,87,83
333,Serbia,49,100,74,74
334,Ukraine,67,3,82,50
335,Mauritius,11,49,69,43
336,France,9,9,89,35
337,Mexico,98,10,78,62
338,Colombia,34,43,15,30
339,Georgia,64,91,26,60
340,Peru,68,36,66,56
341,Philippines,89,47,89,75
342,Philippines,69,44,92,68
343,Venezuela,98,58,6,54
344,Peru,4,73,85,54
345,Poland,37,10,72,39
346,China,22,76,5,34
347,United States,96,36,4,45
348,Estonia,31,13,81,41
349,Portugal,22,65,42,43
350,China,82,56,99,79
351,Peru,23,91,35,49
352,China,82,7,58,49
353,Ukraine,99,53,57,69
354,Philippines,32,27,58,39
355,Russia,74,68,31,57
356,Spain,5,80,49,44
357,Bangladesh,13,48,81,47
358,Thailand,99,23,15,45
359,China,61,59,76,65
360,China,47,45,69,53
361,Indonesia,18,75,71,54
362,France,63,32,38,44
363,China,65,9,27,33
364,Portugal,4,2,71,25
365,Portugal,89,55,21,55
366,Indonesia,100,17,84,67
367,Luxembourg,84,35,20,46
368,Croatia,49,5,16,23
369,Portugal,50,94,96,80
370,Ireland,56,97,17,56
371,China,47,68,39,51
372,China,36,86,77,66
373,Belarus,89,22,93,68
374,China,80,64,5,49
375,Portugal,2,10,21,11
376,Dominican Republic,81,46,98,75
377,Brazil,74,5,55,44
378,Indonesia,44,75,29,49
379,China,42,31,49,40
380,Philippines,94,83,17,64
381,Indonesia,7,85,43,45
382,China,98,80,50,76
383,Ukraine,85,78,49,70
384,Indonesia,48,24,34,35
385,China,77,87,95,86
386,South Africa,58,12,47,39
387,Ecuador,48,28,36,37
388,Dominican Republic,85,60,57,67
389,Argentina,40,16,7,21
390,Russia,15,40,89,48
391,Slovenia,12,96,100,69
392,Greece,48,87,8,47
393,Austria,36,78,88,67
394,Canada,15,68,93,58
395,Indonesia,93,72,40,68
396,Spain,14,92,70,58
397,Philippines,5,60,22,29
398,Sweden,35,14,32,27
399,Peru,32,76,78,62
400,Brazil,16,48,37,33
401,Poland,21,32,58,37
402,China,42,61,33,45
403,Japan,59,71,73,67
404,Luxembourg,43,93,66,67
405,Colombia,53,67,79,66
406,Morocco,63,96,18,59
407,China,43,30,59,44
408,China,42,61,97,66
409,Madagascar,50,71,8,43
410,Indonesia,71,49,89,69
411,China,64,2,54,40
412,China,96,23,35,51
413,Guatemala,50,14,67,43
414,China,47,1,17,21
415,Slovenia,90,27,92,69
416,Slovenia,22,76,61,53
417,United States,17,16,0,11
418,China,52,8,72,44
419,France,57,38,28,41
420,Venezuela,61,69,28,52
421,Germany,86,0,28,38
422,Senegal,38,81,85,68
423,Colombia,12,5,19,12
424,China,78,65,24,55
425,Australia,1,41,43,28
426,Indonesia,96,44,32,57
427,Peru,20,11,65,32
428,Indonesia,45,44,34,41
429,Israel,97,94,59,83
430,Argentina,91,83,3,59
431,China,13,68,54,45
432,Poland,49,10,2,20
433,Argentina,49,20,86,51
434,China,90,35,17,47
435,United States,92,25,64,60
436,Philippines,22,12,84,39
437,Greece,0,44,17,20
438,China,58,5,23,28
439,Indonesia,2,76,78,52
440,China,54,88,18,53
441,Russia,45,75,23,47
442,Japan,65,5,61,43
443,Greece,39,10,91,46
444,Indonesia,37,40,91,56
445,Poland,80,75,1,52
446,Czech Republic,62,79,27,56
447,China,85,72,19,58
448,Russia,56,63,3,40
449,Russia,24,67,57,49
450,Philippines,12,9,64,28
451,Brazil,98,14,11,41
452,Syria,74,41,33,49
453,Finland,23,1,26,16
454,Kazakhstan,91,0,40,43
455,Russia,97,12,48,52
456,China,37,37,45,39
457,Russia,56,11,12,26
458,Peru,41,78,18,45
459,China,94,21,15,43
460,China,23,23,89,45
461,Indonesia,13,29,85,42
462,Philippines,21,6,47,24
463,Sweden,92,76,6,58
464,France,55,2,93,50
465,Mongolia,34,95,5,44
466,Sweden,54,41,15,36
467,Vietnam,3,23,35,20
468,Ireland,15,75,6,32
469,Indonesia,31,7,62,33
470,Serbia,80,13,39,44
471,Panama,72,91,97,86
472,Mongolia,90,98,67,85
473,Portugal,79,23,65,55
474,Sweden,61,46,69,58
475,Poland,52,16,45,37
476,Latvia,69,20,41,43
477,Peru,90,2,78,56
478,Guatemala,72,31,74,59
479,Czech Republic,51,99,99,83
480,Malta,31,35,24,30
481,Colombia,57,21,23,33
482,Chile,25,61,66,50
483,Canada,30,100,96,75
484,United States,54,24,67,48
485,Russia,5,85,26,38
486,Indonesia,90,76,7,57
487,Spain,29,30,67,42
488,Indonesia,12,2,22,12
489,Malaysia,81,100,68,83
490,China,80,60,37,59
491,China,1,51,50,34
492,Haiti,11,18,98,42
493,Brazil,22,28,22,24
494,Israel,56,12,39,35
495,Portugal,55,72,13,46
496,Sweden,32,89,38,53
497,China,75,7,89,57
498,Portugal,70,97,66,77
499,Indonesia,78,88,68,78
500,Mexico,42,63,46,50
501,China,23,96,92,70
502,China,48,59,8,38
503,France,81,39,16,45
504,China,45,58,24,42
505,Ukraine,44,52,17,37
506,Sweden,61,92,47,66
507,Philippines,92,52,58,67
508,Indonesia,58,84,69,70
509,Indonesia,21,22,92,45
510,Bulgaria,54,96,52,67
511,Russia,26,10,29,21
512,Honduras,55,78,44,59
513,Indonesia,44,31,72,49
514,Iran,24,59,75,52
515,Ukraine,7,64,30,33
516,Canada,71,2,69,47
517,Venezuela,60,25,39,41
518,Philippines,12,79,4,31
519,Micronesia,53,100,36,63
520,Brazil,55,46,86,62
521,Ukraine,50,98,7,51
522,Russia,84,75,74,77
523,South Africa,32,99,7,46
524,China,57,16,35,36
525,Peru,87,45,52,61
526,Dominican Republic,42,74,63,59
527,Russia,24,49,94,55
528,China,17,40,69,42
529,China,85,52,43,60
530,Denmark,73,24,55,50
531,China,78,98,88,88
532,Indonesia,38,29,62,43
533,Russia,3,87,47,45
534,China,30,36,43,36
535,Nicaragua,52,5,43,33
536,Brazil,28,31,65,41
537,China,59,58,91,69
538,Indonesia,5,90,52,49
539,Vietnam,29,90,29,49
540,United States,18,11,83,37
541,China,36,15,20,23
542,China,37,16,99,50
543,Cameroon,74,47,25,48
544,China,60,98,37,65
545,Macedonia,61,59,39,53
546,Indonesia,27,26,2,18
547,France,89,84,39,70
548,Greece,22,83,85,63
549,Armenia,89,39,92,73
550,China,46,94,84,74
551,Slovenia,0,98,51,49
552,Portugal,80,51,13,48
553,China,59,79,51,63
554,Nigeria,22,59,63,48
555,Portugal,23,86,34,47
556,China,36,91,37,54
557,Canada,84,79,84,82
558,Mongolia,71,72,86,76
559,Brazil,99,67,27,64
560,China,3,49,49,33
561,Brazil,91,21,6,39
562,Philippines,72,44,38,51
563,Indonesia,21,51,42,38
564,Ukraine,72,21,93,62
565,Jordan,22,51,65,46
566,Japan,4,81,81,55
567,Russia,35,5,14,18
568,France,27,87,16,43
569,Indonesia,13,53,35,33
570,Indonesia,93,95,29,72
571,France,28,96,22,48
572,Ukraine,17,98,34,49
573,Philippines,68,95,82,81
574,China,5,62,86,51
575,Japan,96,92,1,63
576,China,76,89,96,87
577,Cameroon,97,71,15,61
578,Nigeria,18,3,45,22
579,Kuwait,23,28,26,25
580,Central African Republic,16,30,50,32
581,Portugal,94,87,64,81
582,Bosnia and Herzegovina,49,1,11,20
583,Mexico,22,93,100,71
584,China,97,66,75,79
585,Indonesia,94,80,57,77
586,Armenia,58,58,73,63
587,Brazil,12,12,97,40
588,Kuwait,70,85,10,55
589,Russia,1,61,25,29
590,United States,29,38,20,29
591,Argentina,43,95,63,67
592,United States,81,28,18,42
593,Indonesia,61,24,69,51
594,Czech Republic,81,62,45,62
595,China,68,28,11,35
596,Japan,7,96,40,47
597,Argentina,47,93,94,78
598,Indonesia,51,18,91,53
599,China,84,6,19,36
600,Brazil,100,9,99,69
601,Colombia,96,51,20,55
602,Poland,32,14,72,39
603,Japan,78,92,72,80
604,Russia,39,79,87,68
605,Croatia,78,97,77,84
606,Philippines,55,47,86,62
607,Argentina,48,18,46,37
608,Brazil,65,55,44,54
609,Sweden,19,56,82,52
610,France,56,18,96,56
611,Iran,15,50,18,27
612,Russia,73,19,74,55
613,Indonesia,80,17,97,64
614,Brazil,1,20,100,40
615,Russia,82,25,92,66
616,Indonesia,82,10,64,52
617,Canada,42,34,29,35
618,France,54,43,55,50
619,Indonesia,54,76,30,53
620,China,3,5,36,14
621,Macedonia,34,18,47,33
622,Guam,9,29,57,31
623,Portugal,66,1,71,46
624,Poland,19,94,93,68
625,China,20,52,83,51
626,Botswana,23,49,61,44
627,Nigeria,26,57,18,33
628,Yemen,54,58,29,47
629,Brazil,69,58,21,49
630,China,68,70,100,79
631,Greece,14,37,50,33
632,China,57,85,49,63
633,Russia,11,15,25,17
634,Indonesia,80,26,97,67
635,Poland,56,49,46,50
636,China,37,25,58,40
637,Philippines,6,20,91,39
638,France,88,30,70,62
639,Brazil,87,15,7,36
640,Russia,84,42,80,68
641,China,82,10,81,57
642,China,51,30,3,28
643,Canada,21,38,8,22
644,Latvia,38,87,63,62
645,Indonesia,20,81,21,40
646,Macedonia,33,93,44,56
647,South Korea,30,29,98,52
648,China,95,53,54,67
649,Malta,0,45,21,22
650,Comoros,68,72,43,61
651,Portugal,34,33,96,54
652,Russia,11,47,100,52
653,China,32,49,7,29
654,Brazil,26,35,89,50
655,Philippines,97,6,31,44
656,Czech Republic,45,64,0,36
657,Philippines,24,48,23,31
658,New Zealand,62,8,85,51
659,Egypt,81,8,45,44
660,China,36,56,4,32
661,Finland,90,28,53,57
662,United States,1,2,93,32
663,China,51,85,84,73
664,Honduras,15,97,65,59
665,Argentina,25,1,79,35
666,Senegal,60,13,31,34
667,United States,97,68,45,70
668,Ivory Coast,15,76,68,53
669,Sweden,87,12,87,62
670,China,3,31,36,23
671,Ukraine,67,86,21,58
672,China,40,73,27,46
673,China,78,94,0,57
674,Russia,99,19,1,39
675,Czech Republic,82,60,42,61
676,Cuba,58,87,11,52
677,Peru,53,39,66,52
678,Czech Republic,56,91,48,65
679,Colombia,90,48,62,66
680,Indonesia,47,58,68,57
681,Norway,17,72,30,39
682,China,65,43,13,40
683,Czech Republic,39,34,10,27
684,Nigeria,9,42,36,29
685,China,66,71,73,70
686,Philippines,70,99,56,75
687,China,4,35,42,27
688,Malaysia,30,39,91,53
689,Indonesia,9,25,30,21
690,Indonesia,68,12,1,27
691,China,38,93,36,55
692,Ukraine,85,92,22,66
693,Democratic Republic of the Congo,97,68,18,61
694,Peru,69,87,36,64
695,Ivory Coast,36,100,4,46
696,Sweden,88,78,1,55
697,Philippines,45,66,30,47
698,Philippines,64,4,72,46
699,China,82,99,84,88
700,Tanzania,51,43,32,42
701,Nigeria,13,46,2,20
702,Greece,66,88,92,82
703,Greece,72,61,98,77
704,Israel,17,8,2,9
705,China,90,33,64,62
706,Ecuador,96,38,65,66
707,Bosnia and Herzegovina,47,72,46,55
708,China,62,4,8,24
709,Morocco,58,25,85,56
710,Philippines,68,4,14,28
711,Philippines,29,9,85,41
712,Philippines,10,25,92,42
713,Lithuania,85,91,58,78
714,Philippines,11,24,95,43
715,Netherlands,9,43,29,27
716,China,8,92,39,46
717,United States,89,54,20,54
718,Indonesia,57,2,72,43
719,Malaysia,78,63,25,55
720,South Africa,6,68,93,55
721,Russia,83,44,55,60
722,Zimbabwe,16,69,84,56
723,Mongolia,56,80,74,70
724,Azerbaijan,53,80,42,58
725,Canada,21,81,92,64
726,France,69,27,96,64
727,Dominican Republic,90,85,61,78
728,Thailand,53,87,23,54
729,Portugal,51,75,76,67
730,China,93,21,56,56
731,Libya,54,83,81,72
732,China,6,82,40,42
733,United States,15,35,86,45
734,Brazil,79,18,64,53
735,China,77,58,7,47
736,China,56,24,54,44
737,Indonesia,78,97,96,90
738,Liberia,54,48,33,45
739,Poland,97,48,94,79
740,China,93,80,95,89
741,France,77,16,17,36
742,Indonesia,22,27,93,47
743,Brazil,8,89,62,53
744,Kyrgyzstan,69,22,81,57
745,Cuba,33,88,47,56
746,Vietnam,7,39,22,22
747,China,91,10,99,66
748,China,56,53,87,65
749,Ukraine,48,19,3,23
750,Israel,14,89,59,54
751,China,7,68,48,41
752,Russia,62,75,5,47
753,China,45,67,36,49
754,Guatemala,93,29,94,72
755,Indonesia,35,78,86,66
756,Tunisia,62,54,28,48
757,United States,48,59,99,68
758,Thailand,68,7,10,28
759,Indonesia,42,75,2,39
760,Philippines,60,63,1,41
761,China,20,100,49,56
762,Philippines,9,15,86,36
763,China,87,11,79,59
764,Sweden,40,59,46,48
765,Bulgaria,58,11,81,50
766,Venezuela,100,39,76,71
767,United States,80,29,31,46
768,Peru,65,36,30,43
769,Colombia,0,15,10,8
770,Canada,27,88,63,59
771,Kuwait,87,13,66,55
772,Argentina,99,55,86,80
773,Martinique,69,75,71,71
774,Poland,13,62,15,30
775,Brazil,46,2,38,28
776,Nigeria,72,85,80,79
777,France,11,63,48,40
778,Greece,96,64,97,85
779,Russia,72,74,64,70
780,United States,80,100,28,69
781,Portugal,44,18,42,34
782,Czech Republic,43,95,79,72
783,Togo,31,54,89,58
784,Mexico,83,57,4,48
785,Russia,21,25,39,28
786,Jordan,0,68,48,38
787,Albania,58,26,85,56
788,Indonesia,92,30,12,44
789,Poland,68,53,4,41
790,China,35,79,47,53
791,Philippines,26,33,56,38
792,Uzbekistan,87,44,13,48
793,Russia,64,10,36,36
794,Nigeria,36,77,37,50
795,Indonesia,76,52,32,53
796,Brazil,23,14,33,23
797,Afghanistan,8,32,56,32
798,Peru,97,81,46,74
799,Nigeria,40,53,25,39
800,Serbia,3,31,92,42
801,Chile,47,34,20,33
802,Poland,14,59,17,30
803,Colombia,70,24,71,55
804,United States,15,44,93,50
805,Philippines,41,81,41,54
806,Poland,12,38,83,44
807,Lithuania,9,92,6,35
808,Saudi Arabia,10,24,87,40
809,Bulgaria,11,97,18,42
810,China,90,42,14,48
811,Indonesia,63,50,58,57
812,Morocco,29,44,83,52
813,Argentina,28,35,99,54
814,Colombia,6,56,25,29
815,United States,44,94,53,63
816,Morocco,58,56,78,64
817,Thailand,94,58,20,57
818,Bosnia and Herzegovina,93,16,24,44
819,China,58,8,3,23
820,Ireland,70,9,38,39
821,Poland,13,40,96,49
822,Czech Republic,50,17,73,46
823,Poland,99,40,7,48
824,China,34,82,71,62
825,Croatia,7,81,17,35
826,Indonesia,26,93,87,68
827,China,88,36,67,63
828,Chile,98,43,26,55
829,United States,44,70,79,64
830,Peru,11,34,14,19
831,Peru,19,22,59,33
832,Ukraine,37,70,3,36
833,Peru,20,28,18,22
834,Peru,95,56,87,79
835,China,93,61,14,56
836,China,69,3,11,27
837,Brazil,75,61,76,70
838,Portugal,51,74,100,75
839,Canada,22,53,88,54
840,Thailand,56,86,1,47
841,Madagascar,8,16,9,11
842,United States,48,33,85,55
843,United Kingdom,38,9,52,33
844,Pakistan,92,46,31,56
845,Peru,34,43,14,30
846,Portugal,61,55,45,53
847,Finland,70,41,36,49
848,Costa Rica,60,41,21,40
849,Luxembourg,78,91,48,72
850,France,81,34,29,48
851,Indonesia,42,84,30,52
852,China,14,68,3,28
853,Brazil,29,26,64,39
854,China,3,65,100,56
855,China,75,33,28,45
856,Mayotte,6,79,10,31
857,Paraguay,95,28,69,64
858,Indonesia,77,46,3,42
859,Slovenia,12,3,23,12
860,Indonesia,47,24,1,24
861,Sweden,74,71,55,66
862,Russia,52,11,70,44
863,Argentina,65,67,66,66
864,South Africa,93,48,88,76
865,Argentina,68,56,60,61
866,Sweden,2,11,9,7
867,China,92,100,43,78
868,Honduras,12,58,42,37
869,China,44,35,17,32
870,Peru,12,52,99,54
871,Philippines,28,40,2,23
872,France,64,53,88,68
873,South Korea,25,74,86,61
874,South Africa,55,92,46,64
875,Russia,39,51,12,34
876,Bolivia,78,38,92,69
877,Indonesia,71,28,91,63
878,Brazil,9,61,73,47
879,France,59,48,34,47
880,Ethiopia,66,5,5,25
881,United States,93,20,36,49
882,France,11,12,14,12
883,Dominican Republic,35,49,73,52
884,Russia,20,45,42,35
885,Ireland,12,82,99,64
886,Czech Republic,99,82,71,84
887,Poland,77,3,88,56
888,Indonesia,31,89,51,57
889,Russia,28,98,59,61
890,China,18,45,87,50
891,Finland,53,89,94,78
892,Sri Lanka,14,1,74,29
893,Philippines,42,96,92,76
894,Philippines,28,37,72,45
895,Czech Republic,25,19,96,46
896,Indonesia,52,89,22,54
897,China,49,45,36,43
898,China,45,85,69,66
899,Russia,64,35,70,56
900,Sweden,22,4,83,36
901,Azerbaijan,96,85,11,64
902,Russia,66,46,91,67
903,Russia,74,36,35,48
904,Indonesia,83,72,80,78
905,Vietnam,56,59,81,65
906,Myanmar,26,71,7,34
907,Portugal,92,23,0,38
908,Vietnam,4,20,56,26
909,Poland,6,52,52,36
910,Spain,73,13,22,36
911,China,100,47,51,66
912,Afghanistan,69,81,36,62
913,China,69,74,10,51
914,Ukraine,72,78,49,66
915,Sweden,11,33,91,45
916,Pakistan,72,32,25,43
917,Vietnam,2,10,85,32
918,China,85,7,3,31
919,Zambia,5,25,29,19
920,United States,86,58,92,78
921,China,1,35,59,31
922,Nigeria,88,44,55,62
923,Brazil,24,62,8,31
924,China,48,9,31,29
925,Indonesia,96,0,23,39
926,China,84,28,82,64
927,Philippines,29,95,91,71
928,Botswana,66,15,60,47
929,Indonesia,1,48,44,31
930,Indonesia,69,92,60,73
931,Indonesia,19,1,66,28
932,Indonesia,74,47,75,65
933,Cuba,63,12,36,37
934,United States,29,15,46,30
935,United States,65,10,41,38
936,China,1,43,92,45
937,Ireland,48,30,14,30
938,Greece,0,26,11,12
939,Mexico,31,53,58,47
940,Philippines,85,70,49,68
941,Portugal,23,65,95,61
942,Portugal,47,76,43,55
943,China,91,14,28,44
944,Finland,20,59,78,52
945,Brazil,15,13,99,42
946,China,46,0,4,16
947,Russia,77,30,42,49
948,China,56,13,92,53
949,Tanzania,95,31,84,70
950,Russia,74,6,16,32
951,Switzerland,80,44,8,44
952,Indonesia,14,42,69,41
953,Peru,52,11,15,26
954,Mexico,60,97,84,80
955,China,50,4,51,35
956,China,47,11,97,51
957,Vietnam,25,2,16,14
958,Mongolia,46,56,65,55
959,Ukraine,35,11,94,46
960,Argentina,99,11,76,62
961,Brazil,15,43,96,51
962,Peru,75,52,93,73
963,Indonesia,31,89,94,71
964,Vietnam,78,72,89,79
965,China,61,64,66,63
966,China,1,17,6,8
967,Indonesia,64,42,3,36
968,Greece,64,44,4,37
969,Indonesia,94,64,51,69
970,United States,20,22,66,36
971,Russia,45,89,6,46
972,Botswana,87,70,74,77
973,China,1,62,46,36
974,Russia,89,81,7,59
975,Thailand,90,30,0,40
976,Armenia,54,12,58,41
977,China,63,85,25,57
978,Russia,33,62,4,33
979,Indonesia,58,96,65,73
980,Pakistan,55,33,83,57
981,Portugal,7,77,37,40
982,Russia,4,86,2,30
983,Norway,21,18,7,15
984,Greece,27,51,64,47
985,Serbia,45,59,63,55
986,Ecuador,48,37,90,58
987,Indonesia,4,75,98,59
988,Russia,32,15,32,26
989,China,97,1,12,36
990,Philippines,68,15,86,56
991,Philippines,87,62,15,54
992,Indonesia,79,50,95,74
993,Afghanistan,31,11,1,14
994,Czech Republic,26,8,4,12
995,Russia,20,68,40,42
996,Cameroon,31,66,94,63
997,United States,66,30,66,54
998,Philippines,84,50,61,65
999,Ethiopia,44,11,80,45
1000,Tunisia,64,48,83,65
