student_id,first_name,last_name,age,email,country,grade_math,grade_science,grade_english,total_score,full_name,Performance
1,Kerrill,De Cleyne,24,kdecleyne0@furl.net,VENEZUELA,68,80,15,54,Kerrill De Cleyne,Average
2,Krissie,Vittet,25,kvittet1@ustream.tv,BULGARIA,29,30,60,39,Krissie Vittet,Poor
3,Hugibert,Haugg,21,hhaugg2@theguardian.com,NEW ZEALAND,76,0,55,43,Hugibert Haugg,Average
4,Fancie,De Mars,18,fdemars3@parallels.com,CHINA,82,88,90,86,Fancie De Mars,Excellent
5,Micki,O'Dowgaine,24,modowgaine4@livejournal.com,CHINA,77,23,11,37,Micki O'Dowgaine,Poor
6,Bella,Litchfield,22,blitchfield5@dropbox.com,CHINA,44,78,30,50,Bella Litchfield,Average
7,Ariel,Laslett,22,alaslett6@vimeo.com,MALTA,100,61,90,83,Ariel Laslett,Excellent
8,Ailbert,Nickolls,25,anickolls7@is.gd,CHINA,98,81,59,79,Ailbert Nickolls,Good
9,Jobyna,Stoffer,25,jstoffer8@xinhuanet.com,EL SALVADOR,35,51,41,42,Jobyna Stoffer,Average
10,Saundra,Dietzler,25,sdietzler9@blogspot.com,ARGENTINA,46,38,16,33,Saundra Dietzler,Poor
11,Mitchel,Lunt,22,mlunta@gov.uk,MACEDONIA,89,40,65,64,Mitchel Lunt,Good
12,Nicoli,Chadburn,25,nchadburnb@toplist.cz,MEXICO,80,47,53,60,Nicoli Chadburn,Good
13,Ketti,Naisby,21,knaisbyc@sina.com.cn,FRANCE,95,30,49,58,Ketti Naisby,Average
14,Adoree,Rama,22,aramad@xinhuanet.com,ARGENTINA,60,89,12,53,Adoree Rama,Average
15,Berny,Jime,19,bjimee@zdnet.com,BRAZIL,61,27,32,40,Berny Jime,Average
16,Reynolds,Goodge,24,rgoodgef@cargocollective.com,GUATEMALA,56,2,41,33,Reynolds Goodge,Poor
17,Turner,Brendish,24,tbrendishg@opera.com,SWEDEN,23,72,90,61,Turner Brendish,Good
18,Ninetta,Carrane,20,ncarraneh@etsy.com,SLOVENIA,78,98,95,90,Ninetta Carrane,Excellent
19,Dilly,Jedrychowski,19,djedrychowskii@aol.com,CHINA,28,40,3,23,Dilly Jedrychowski,Poor
20,Friedrick,Schrir,19,fschrirj@slashdot.org,INDONESIA,100,6,55,53,Friedrick Schrir,Average
21,Clay,Gallagher,23,cgallagherk@soup.io,VIETNAM,63,81,12,52,Clay Gallagher,Average
22,Collen,Foran,20,cforanl@sakura.ne.jp,CROATIA,38,67,74,59,Collen Foran,Average
23,Skye,Elland,20,sellandm@a8.net,RUSSIA,82,88,27,65,Skye Elland,Good
24,Tonnie,Audenis,24,taudenisn@wufoo.com,PHILIPPINES,71,6,26,34,Tonnie Audenis,Poor
25,Hedwiga,Tidswell,20,htidswello@discovery.com,CHINA,78,97,8,61,Hedwiga Tidswell,Good
26,Clevey,Bargh,25,cbarghp@uol.com.br,CHINA,20,34,76,43,Clevey Bargh,Average
27,Kurt,Ivery,25,kiveryq@csmonitor.com,PORTUGAL,51,60,18,43,Kurt Ivery,Average
28,Lloyd,Yeliashev,18,lyeliashevr@hud.gov,CHINA,87,94,92,91,Lloyd Yeliashev,Excellent
29,Terence,Creswell,20,tcreswells@domainmarket.com,CHINA,76,66,68,70,Terence Creswell,Good
30,Valentia,McGarrahan,25,vmcgarrahant@kickstarter.com,CHINA,32,62,80,58,Valentia McGarrahan,Average
31,Tara,Bodesson,24,tbodessonu@nymag.com,PORTUGAL,41,15,93,49,Tara Bodesson,Average
32,Arvy,Hinkins,19,ahinkinsv@go.com,PORTUGAL,90,95,63,82,Arvy Hinkins,Excellent
33,Allys,O'Kieran,19,aokieranw@cargocollective.com,INDONESIA,87,4,74,55,Allys O'Kieran,Average
34,Kele,Vashchenko,19,kvashchenkox@salon.com,LITHUANIA,12,55,88,51,Kele Vashchenko,Average
35,Eilis,Kissock,23,ekissocky@wsj.com,RUSSIA,0,14,69,27,Eilis Kissock,Poor
36,Phyllys,Prahl,23,pprahlz@mapy.cz,CHINA,31,55,9,31,Phyllys Prahl,Poor
37,Rosella,Dowall,22,rdowall10@hexun.com,PHILIPPINES,81,33,31,48,Rosella Dowall,Average
38,Karim,McDougald,25,kmcdougald11@tinyurl.com,PHILIPPINES,24,18,16,19,Karim McDougald,Poor
39,Teriann,Gaynor,19,tgaynor12@topsy.com,FRANCE,41,1,12,18,Teriann Gaynor,Poor
40,Andonis,Pert,21,apert13@reference.com,POLAND,97,66,64,75,Andonis Pert,Good
41,Garik,Caldecot,23,gcaldecot14@gmpg.org,INDONESIA,73,1,96,56,Garik Caldecot,Average
42,Andria,Bollum,25,abollum15@deliciousdays.com,SOUTH KOREA,62,41,74,59,Andria Bollum,Average
43,Rodolphe,Bordes,24,rbordes16@who.int,KENYA,87,92,50,76,Rodolphe Bordes,Good
44,Der,Blackborough,19,dblackborough17@yelp.com,PARAGUAY,7,70,79,52,Der Blackborough,Average
45,Tess,Laidel,25,tlaidel18@slate.com,CURACAO,19,47,90,52,Tess Laidel,Average
46,Skylar,Lewry,20,slewry19@trellian.com,PORTUGAL,53,57,21,43,Skylar Lewry,Average
47,Dorice,Astle,25,dastle1a@weebly.com,MEXICO,16,67,12,31,Dorice Astle,Poor
48,Dorolice,Donohue,24,ddonohue1b@istockphoto.com,ARGENTINA,69,10,60,46,Dorolice Donohue,Average
49,Starlin,Klimp,18,sklimp1c@fotki.com,BRAZIL,89,5,99,64,Starlin Klimp,Good
50,Prentiss,Blythe,25,pblythe1d@wikia.com,ARGENTINA,90,16,44,50,Prentiss Blythe,Average
51,Zacharias,Colquite,20,zcolquite1e@smh.com.au,CHINA,77,78,13,56,Zacharias Colquite,Average
52,Carmencita,Whithalgh,23,cwhithalgh1f@skype.com,PALESTINIAN TERRITORY,54,28,41,41,Carmencita Whithalgh,Average
53,Ernaline,Le Blond,19,eleblond1g@bloglovin.com,JAPAN,59,70,82,70,Ernaline Le Blond,Good
54,Tanya,Braisby,24,tbraisby1h@gnu.org,RUSSIA,86,10,35,43,Tanya Braisby,Average
55,Leisha,Doward,24,ldoward1i@upenn.edu,SYRIA,71,22,59,50,Leisha Doward,Average
56,Jory,Harsnipe,22,jharsnipe1j@fema.gov,CHINA,45,47,40,44,Jory Harsnipe,Average
57,Shandee,Scaice,20,sscaice1k@sun.com,CZECH REPUBLIC,61,31,52,48,Shandee Scaice,Average
58,Noel,Crackett,19,ncrackett1l@nyu.edu,CROATIA,76,43,36,51,Noel Crackett,Average
59,Corine,Cattlemull,24,ccattlemull1m@earthlink.net,PHILIPPINES,98,43,93,78,Corine Cattlemull,Good
60,Elvera,Kilcullen,19,ekilcullen1n@csmonitor.com,GERMANY,21,65,91,59,Elvera Kilcullen,Average
61,Elisha,Cudby,19,ecudby1o@clickbank.net,FRANCE,82,34,18,44,Elisha Cudby,Average
62,Fawnia,Pleuman,25,fpleuman1p@fotki.com,SOUTH AFRICA,61,26,33,40,Fawnia Pleuman,Average
63,Ulberto,Element,20,uelement1q@mail.ru,KENYA,82,35,16,44,Ulberto Element,Average
64,Tildi,Scobbie,21,tscobbie1r@wix.com,INDONESIA,39,94,83,72,Tildi Scobbie,Good
65,Claudina,Stallard,24,cstallard1s@drupal.org,TAIWAN,6,44,11,20,Claudina Stallard,Poor
66,Ethelyn,Farens,24,efarens1t@wordpress.org,CZECH REPUBLIC,62,90,39,63,Ethelyn Farens,Good
67,Thalia,Abercromby,24,tabercromby1u@example.com,PHILIPPINES,71,78,16,55,Thalia Abercromby,Average
68,Arabela,Risely,23,arisely1v@marketwatch.com,CHINA,91,64,63,72,Arabela Risely,Good
69,Matteo,Lattey,21,mlattey1w@spiegel.de,AFGHANISTAN,100,27,54,60,Matteo Lattey,Good
70,Carmella,Ballsdon,18,cballsdon1x@google.ru,RUSSIA,34,57,63,51,Carmella Ballsdon,Average
71,Killie,Lorenc,24,klorenc1y@123-reg.co.uk,SYRIA,21,16,63,33,Killie Lorenc,Poor
72,Cilka,Telfer,22,ctelfer1z@google.com,JAPAN,31,65,26,40,Cilka Telfer,Average
73,Delbert,Vala,25,dvala20@eepurl.com,INDONESIA,68,33,60,53,Delbert Vala,Average
74,Concordia,Boyton,23,cboyton21@is.gd,INDONESIA,9,91,29,43,Concordia Boyton,Average
75,Enid,Pretley,23,epretley22@pagesperso-orange.fr,PHILIPPINES,79,2,82,54,Enid Pretley,Average
76,Davina,Waywell,19,dwaywell23@tripod.com,LITHUANIA,10,61,86,52,Davina Waywell,Average
77,Gunter,Ruste,22,gruste24@prlog.org,RUSSIA,83,81,20,61,Gunter Ruste,Good
78,Ric,De Carlo,20,rdecarlo25@amazon.com,BRAZIL,34,20,71,41,Ric De Carlo,Average
79,Jenelle,Treherne,18,jtreherne26@wordpress.org,PORTUGAL,31,48,5,28,Jenelle Treherne,Poor
80,Welch,Mucklow,19,wmucklow27@shop-pro.jp,PORTUGAL,26,15,51,30,Welch Mucklow,Poor
81,Anatol,Wheatman,25,awheatman28@spotify.com,RUSSIA,81,72,51,68,Anatol Wheatman,Good
82,Ritchie,O'Carmody,25,rocarmody29@pinterest.com,AZERBAIJAN,13,27,62,34,Ritchie O'Carmody,Poor
83,Davide,Pettyfer,19,dpettyfer2a@vinaora.com,CHINA,44,78,55,59,Davide Pettyfer,Average
84,Sada,Anchor,24,sanchor2b@gmpg.org,CHINA,79,18,29,42,Sada Anchor,Average
85,Maure,Maybey,19,mmaybey2c@si.edu,RUSSIA,69,96,50,71,Maure Maybey,Good
86,Blinnie,O'Murtagh,20,bomurtagh2d@si.edu,PORTUGAL,62,99,6,55,Blinnie O'Murtagh,Average
87,Evie,Heenan,22,eheenan2e@nsw.gov.au,POLAND,95,46,73,71,Evie Heenan,Good
88,Bevin,Capnerhurst,19,bcapnerhurst2f@yale.edu,UNITED STATES,37,47,76,53,Bevin Capnerhurst,Average
89,Esme,Allsep,21,eallsep2g@nyu.edu,CZECH REPUBLIC,74,90,5,56,Esme Allsep,Average
90,Ugo,Renbold,20,urenbold2h@nbcnews.com,AZERBAIJAN,22,25,68,38,Ugo Renbold,Poor
91,Smith,Sanpere,25,ssanpere2i@edublogs.org,PHILIPPINES,89,88,12,63,Smith Sanpere,Good
92,Clareta,Furze,19,cfurze2j@microsoft.com,NIGERIA,37,18,43,32,Clareta Furze,Poor
93,Teador,Chsteney,20,tchsteney2k@mayoclinic.com,PANAMA,3,51,4,19,Teador Chsteney,Poor
94,Harriette,McNicol,20,hmcnicol2l@histats.com,SRI LANKA,91,88,41,73,Harriette McNicol,Good
95,Dosi,Ainley,20,dainley2m@gnu.org,INDONESIA,13,10,57,26,Dosi Ainley,Poor
96,Krystle,Macieja,20,kmacieja2n@addthis.com,CHINA,38,81,84,67,Krystle Macieja,Good
97,Laurie,Usherwood,21,lusherwood2o@ebay.com,RUSSIA,94,49,31,58,Laurie Usherwood,Average
98,Nettie,Vicioso,19,nvicioso2p@theguardian.com,UKRAINE,36,81,53,56,Nettie Vicioso,Average
99,Phil,Vanichkov,24,pvanichkov2q@dropbox.com,INDONESIA,67,55,13,45,Phil Vanichkov,Average
100,Lorrayne,Vahl,22,lvahl2r@nymag.com,REPUBLIC OF THE CONGO,84,28,57,56,Lorrayne Vahl,Average
101,Allison,Saldler,24,asaldler2s@ucla.edu,PORTUGAL,44,90,68,67,Allison Saldler,Good
102,Eolande,Skune,21,eskune2t@cbslocal.com,GREECE,60,34,71,55,Eolande Skune,Average
103,Mozelle,GiacobbiniJacob,21,mgiacobbinijacob2u@phoca.cz,POLAND,39,18,3,20,Mozelle GiacobbiniJacob,Poor
104,Perkin,Corris,25,pcorris2v@archive.org,THAILAND,22,68,70,53,Perkin Corris,Average
105,Willabella,Mathews,22,wmathews2w@blogspot.com,PHILIPPINES,12,31,4,15,Willabella Mathews,Poor
106,Esmaria,Anning,19,eanning2x@hatena.ne.jp,PORTUGAL,45,85,47,59,Esmaria Anning,Average
107,Irvin,Dibsdale,23,idibsdale2y@netvibes.com,PHILIPPINES,24,38,31,31,Irvin Dibsdale,Poor
108,Boniface,Storror,19,bstorror2z@xing.com,BRAZIL,37,40,50,42,Boniface Storror,Average
109,Veda,Street,25,vstreet30@un.org,CHINA,92,45,61,66,Veda Street,Good
110,Harley,Rigts,24,hrigts31@soup.io,POLAND,55,43,72,56,Harley Rigts,Average
111,Bobbie,Perryn,23,bperryn32@tiny.cc,INDONESIA,47,33,7,29,Bobbie Perryn,Poor
112,Estel,McDuffie,22,emcduffie33@kickstarter.com,PORTUGAL,16,26,42,28,Estel McDuffie,Poor
113,Candis,Eisold,22,ceisold34@rediff.com,RUSSIA,48,79,11,46,Candis Eisold,Average
114,Donn,Armfirld,20,darmfirld35@linkedin.com,SWEDEN,72,76,41,63,Donn Armfirld,Good
115,Donny,Jansens,19,djansens36@who.int,PHILIPPINES,59,70,80,69,Donny Jansens,Good
116,Midge,Okenden,24,mokenden37@slashdot.org,KAZAKHSTAN,4,73,19,32,Midge Okenden,Poor
117,Lydia,Mariotte,21,lmariotte38@amazon.de,INDONESIA,57,74,92,74,Lydia Mariotte,Good
118,Garald,Baggiani,22,gbaggiani39@ustream.tv,IRAN,20,16,1,12,Garald Baggiani,Poor
119,Iseabal,Dumphreys,24,idumphreys3a@sbwire.com,CHINA,73,42,28,47,Iseabal Dumphreys,Average
120,Binni,Jannasch,21,bjannasch3b@google.com.hk,SWEDEN,26,40,19,28,Binni Jannasch,Poor
121,Archibold,Scowcraft,19,ascowcraft3c@yolasite.com,PHILIPPINES,17,95,71,61,Archibold Scowcraft,Good
122,Catharina,Ravel,20,cravel3d@soup.io,UKRAINE,79,67,63,69,Catharina Ravel,Good
123,Averill,Rainton,18,arainton3e@go.com,BRAZIL,65,90,72,75,Averill Rainton,Good
124,Dawn,Maddyson,21,dmaddyson3f@harvard.edu,MALI,35,70,0,35,Dawn Maddyson,Poor
125,Suzie,Hullyer,20,shullyer3g@g.co,CZECH REPUBLIC,22,4,60,28,Suzie Hullyer,Poor
126,Rey,Gammon,20,rgammon3h@discovery.com,RUSSIA,94,2,78,58,Rey Gammon,Average
127,Kristian,Leinweber,20,kleinweber3i@ifeng.com,POLAND,35,69,12,38,Kristian Leinweber,Poor
128,Sharity,Neachell,25,sneachell3j@nps.gov,VIETNAM,16,31,25,24,Sharity Neachell,Poor
129,Lexis,Pittson,19,lpittson3k@deviantart.com,PERU,9,7,48,21,Lexis Pittson,Poor
130,Friedrick,Pember,24,fpember3l@uol.com.br,LATVIA,55,52,87,64,Friedrick Pember,Good
131,Jourdain,Whitmell,18,jwhitmell3m@java.com,PORTUGAL,63,14,99,58,Jourdain Whitmell,Average
132,Drusie,Baughn,21,dbaughn3n@diigo.com,JAPAN,8,60,42,36,Drusie Baughn,Poor
133,Dukey,Greenrod,20,dgreenrod3o@printfriendly.com,CHINA,64,28,97,63,Dukey Greenrod,Good
134,Risa,Stent,23,rstent3p@fc2.com,FRANCE,42,92,11,48,Risa Stent,Average
135,Kessia,Larimer,25,klarimer3q@histats.com,PORTUGAL,86,44,20,50,Kessia Larimer,Average
136,Janis,Hindrich,18,jhindrich3r@domainmarket.com,FINLAND,37,86,53,58,Janis Hindrich,Average
137,Cherish,Speeding,21,cspeeding3s@bloomberg.com,BRAZIL,61,3,35,33,Cherish Speeding,Poor
138,Bertie,Fishe,25,bfishe3t@devhub.com,COLOMBIA,67,94,70,77,Bertie Fishe,Good
139,Lorenza,Herculson,19,lherculson3u@shareasale.com,SOUTH AFRICA,60,67,79,68,Lorenza Herculson,Good
140,Garland,Dearell,25,gdearell3v@live.com,PORTUGAL,17,78,69,54,Garland Dearell,Average
141,Stavro,Waltering,24,swaltering3w@so-net.ne.jp,UNITED STATES,15,78,70,54,Stavro Waltering,Average
142,Stephie,Simm,19,ssimm3x@51.la,SWEDEN,17,49,27,31,Stephie Simm,Poor
143,Silva,O'Kenny,25,sokenny3y@wp.com,INDONESIA,3,73,20,32,Silva O'Kenny,Poor
144,Sherlocke,Fairfull,20,sfairfull3z@clickbank.net,CANADA,18,35,100,51,Sherlocke Fairfull,Average
145,Norene,Gosnall,25,ngosnall40@trellian.com,LUXEMBOURG,7,30,94,43,Norene Gosnall,Average
146,Bendite,Dimnage,20,bdimnage41@imdb.com,RUSSIA,65,28,36,43,Bendite Dimnage,Average
147,Mike,Arson,20,marson42@nhs.uk,BRAZIL,40,2,91,44,Mike Arson,Average
148,Alida,Ducker,19,aducker43@nydailynews.com,RUSSIA,49,41,36,42,Alida Ducker,Average
149,Claudie,Rushbrooke,24,crushbrooke44@msu.edu,CHINA,50,5,99,51,Claudie Rushbrooke,Average
150,Arabel,Meekings,23,ameekings45@soup.io,UKRAINE,19,84,55,52,Arabel Meekings,Average
151,Michelle,Tallant,20,mtallant46@cpanel.net,PHILIPPINES,99,96,77,90,Michelle Tallant,Excellent
152,Shep,Grealy,21,sgrealy47@deliciousdays.com,CHINA,94,26,68,62,Shep Grealy,Good
153,Harriott,MacGillivrie,24,hmacgillivrie48@hao123.com,RUSSIA,66,1,80,49,Harriott MacGillivrie,Average
154,Winonah,Heal,20,wheal49@chron.com,MEXICO,61,14,98,57,Winonah Heal,Average
155,Gray,Woolveridge,25,gwoolveridge4a@newsvine.com,PHILIPPINES,78,94,34,68,Gray Woolveridge,Good
156,Jobie,de Guerre,22,jdeguerre4b@github.com,CHINA,26,1,9,12,Jobie de Guerre,Poor
157,Augustine,Roberds,22,aroberds4c@archive.org,POLAND,20,95,77,64,Augustine Roberds,Good
158,Daile,Stork,21,dstork4d@goo.gl,PERU,94,32,85,70,Daile Stork,Good
159,Guillermo,Laurance,21,glaurance4e@ovh.net,ALBANIA,13,5,48,22,Guillermo Laurance,Poor
160,Ceciley,Egle,19,cegle4f@slate.com,PERU,5,88,47,46,Ceciley Egle,Average
161,Anselm,Pakeman,18,apakeman4g@mail.ru,CHINA,6,40,56,34,Anselm Pakeman,Poor
162,Kennett,Shovell,23,kshovell4h@phpbb.com,INDONESIA,31,54,83,56,Kennett Shovell,Average
163,Kermie,Mabon,24,kmabon4i@unblog.fr,CHINA,50,43,93,62,Kermie Mabon,Good
164,Sebastien,Gaylord,23,sgaylord4j@squarespace.com,REUNION,78,41,10,43,Sebastien Gaylord,Average
165,Laird,Lumby,25,llumby4k@sfgate.com,GUATEMALA,91,33,83,69,Laird Lumby,Good
166,Giustina,Tagg,23,gtagg4l@sina.com.cn,PORTUGAL,34,13,38,28,Giustina Tagg,Poor
167,Horatius,Oscroft,25,hoscroft4m@ycombinator.com,CHINA,88,89,14,63,Horatius Oscroft,Good
168,Belvia,Baraja,25,bbaraja4n@unblog.fr,INDONESIA,54,56,0,36,Belvia Baraja,Poor
169,Poul,Farraway,21,pfarraway4o@sciencedaily.com,CZECH REPUBLIC,83,41,76,66,Poul Farraway,Good
170,Montgomery,Whisby,25,mwhisby4p@ifeng.com,BRAZIL,73,41,65,59,Montgomery Whisby,Average
171,Woody,Croker,24,wcroker4q@rakuten.co.jp,ARGENTINA,19,2,90,37,Woody Croker,Poor
172,Cassie,Dawber,23,cdawber4r@timesonline.co.uk,POLAND,8,43,47,32,Cassie Dawber,Poor
173,Claresta,Casterton,24,ccasterton4s@sciencedirect.com,PANAMA,30,48,40,39,Claresta Casterton,Poor
174,Velvet,Barlass,19,vbarlass4t@marriott.com,CHINA,24,25,20,23,Velvet Barlass,Poor
175,Moyra,Foulkes,24,mfoulkes4u@wunderground.com,IRAQ,55,45,14,38,Moyra Foulkes,Poor
176,Roxi,Milham,23,rmilham4v@ox.ac.uk,PORTUGAL,68,28,20,38,Roxi Milham,Poor
177,Nady,Oats,18,noats4w@wired.com,POLAND,15,30,81,42,Nady Oats,Average
178,Carline,Timbrell,25,ctimbrell4x@parallels.com,INDONESIA,77,69,96,80,Carline Timbrell,Excellent
179,Burke,Aire,21,baire4y@businessweek.com,BRAZIL,31,31,14,25,Burke Aire,Poor
180,Fanchon,Leonarde,24,fleonarde4z@123-reg.co.uk,CHINA,56,75,24,51,Fanchon Leonarde,Average
181,Spense,Offer,25,soffer50@army.mil,INDONESIA,89,35,33,52,Spense Offer,Average
182,Vaclav,Danat,19,vdanat51@senate.gov,SRI LANKA,44,64,79,62,Vaclav Danat,Good
183,Terence,Rooson,20,trooson52@businessinsider.com,VIETNAM,86,91,99,92,Terence Rooson,Excellent
184,Gayel,Bilney,21,gbilney53@foxnews.com,UNITED STATES,6,35,16,19,Gayel Bilney,Poor
185,Amandie,Pittson,19,apittson54@zdnet.com,PERU,41,87,14,47,Amandie Pittson,Average
186,Sher,Copestake,20,scopestake55@live.com,NIGERIA,30,22,7,19,Sher Copestake,Poor
187,Loreen,Flux,20,lflux56@marketwatch.com,CHINA,82,75,72,76,Loreen Flux,Good
188,Harwilll,MattiCCI,19,hmatticci57@parallels.com,JAPAN,98,87,26,70,Harwilll MattiCCI,Good
189,Berthe,Rasell,22,brasell58@tinyurl.com,CHINA,65,44,66,58,Berthe Rasell,Average
190,Lauritz,Proby,21,lproby59@google.ru,TOGO,5,51,24,26,Lauritz Proby,Poor
191,Isidro,Sprigg,19,isprigg5a@tripod.com,FRANCE,39,51,41,43,Isidro Sprigg,Average
192,Normie,Petegree,21,npetegree5b@engadget.com,BRAZIL,82,37,14,44,Normie Petegree,Average
193,Poppy,Cornell,23,pcornell5c@foxnews.com,ISRAEL,23,54,75,50,Poppy Cornell,Average
194,Mendel,Stolz,24,mstolz5d@smh.com.au,SOUTH AFRICA,37,39,36,37,Mendel Stolz,Poor
195,Abbe,Craig,21,acraig5e@goo.gl,CROATIA,27,52,96,58,Abbe Craig,Average
196,Foster,Dunrige,18,fdunrige5f@telegraph.co.uk,BELARUS,35,28,21,28,Foster Dunrige,Poor
197,Fredericka,Quarles,19,fquarles5g@dmoz.org,POLAND,2,88,70,53,Fredericka Quarles,Average
198,Tanya,Guyer,18,tguyer5h@oakley.com,POLAND,45,24,45,38,Tanya Guyer,Poor
199,Amata,Funnell,21,afunnell5i@posterous.com,INDONESIA,82,2,80,54,Amata Funnell,Average
200,Hillery,Nowlan,23,hnowlan5j@altervista.org,ARGENTINA,22,83,60,55,Hillery Nowlan,Average
201,Dannel,Sallery,18,dsallery5k@wordpress.org,INDONESIA,17,2,21,13,Dannel Sallery,Poor
202,Tarrah,Jerzycowski,23,tjerzycowski5l@nydailynews.com,CHAD,66,26,61,51,Tarrah Jerzycowski,Average
203,Quinn,Mellon,25,qmellon5m@issuu.com,CHINA,56,4,8,22,Quinn Mellon,Poor
204,Conny,Ducker,19,cducker5n@state.tx.us,IRELAND,95,21,29,48,Conny Ducker,Average
205,Yovonnda,Gillebride,18,ygillebride5o@microsoft.com,CHINA,62,51,97,70,Yovonnda Gillebride,Good
206,Ina,Liles,23,ililes5p@1und1.de,SWAZILAND,17,21,75,37,Ina Liles,Poor
207,Brandon,Arden,25,barden5q@berkeley.edu,IRAN,24,94,96,71,Brandon Arden,Good
208,Guthry,Twinterman,25,gtwinterman5r@gravatar.com,NIGER,74,6,44,41,Guthry Twinterman,Average
209,Alaric,Wasling,25,awasling5s@diigo.com,PORTUGAL,34,31,17,27,Alaric Wasling,Poor
210,Gerardo,Laugherane,23,glaugherane5t@moonfruit.com,BRAZIL,8,14,44,22,Gerardo Laugherane,Poor
211,Editha,Abercrombie,25,eabercrombie5u@woothemes.com,INDONESIA,73,34,7,38,Editha Abercrombie,Poor
212,Jerrie,Queyeiro,19,jqueyeiro5v@aol.com,INDONESIA,23,70,19,37,Jerrie Queyeiro,Poor
213,Toiboid,Menary,20,tmenary5w@paginegialle.it,RUSSIA,50,91,69,70,Toiboid Menary,Good
214,Therese,Aloshechkin,19,taloshechkin5x@myspace.com,UKRAINE,6,92,61,53,Therese Aloshechkin,Average
215,Sanson,Bilbrooke,22,sbilbrooke5y@icq.com,CHINA,73,33,52,52,Sanson Bilbrooke,Average
216,Isobel,Shadrack,20,ishadrack5z@google.co.uk,BRAZIL,72,15,21,36,Isobel Shadrack,Poor
217,Cassandry,Lauridsen,19,clauridsen60@i2i.jp,INDONESIA,17,12,66,31,Cassandry Lauridsen,Poor
218,Ed,Doree,24,edoree61@theatlantic.com,POLAND,29,23,20,24,Ed Doree,Poor
219,Farrah,Fryman,23,ffryman62@utexas.edu,CANADA,47,73,82,67,Farrah Fryman,Good
220,Mattie,Kitney,24,mkitney63@examiner.com,CHINA,51,84,64,66,Mattie Kitney,Good
221,Joete,Ousbie,19,jousbie64@hubpages.com,POLAND,41,32,29,34,Joete Ousbie,Poor
222,Tobe,Baxstair,20,tbaxstair65@cnbc.com,CHINA,98,61,46,68,Tobe Baxstair,Good
223,Winthrop,Simukov,20,wsimukov66@soundcloud.com,RUSSIA,47,38,100,61,Winthrop Simukov,Good
224,Dulsea,Blay,22,dblay67@noaa.gov,POLAND,17,6,6,9,Dulsea Blay,Poor
225,Nickie,Smyth,22,nsmyth68@mapy.cz,CHINA,93,56,78,75,Nickie Smyth,Good
226,Broddy,Udell,21,budell69@google.ru,CHINA,47,48,93,62,Broddy Udell,Good
227,Kelsy,Davidavidovics,18,kdavidavidovics6a@google.pl,INDONESIA,65,52,72,63,Kelsy Davidavidovics,Good
228,Harris,Foggarty,22,hfoggarty6b@infoseek.co.jp,RUSSIA,65,10,10,28,Harris Foggarty,Poor
229,Benedikt,Hateley,21,bhateley6c@guardian.co.uk,SWEDEN,56,38,94,62,Benedikt Hateley,Good
230,Antons,McCleod,19,amccleod6d@utexas.edu,CHINA,80,32,85,65,Antons McCleod,Good
231,Bernetta,Sexti,20,bsexti6e@domainmarket.com,FRANCE,20,31,66,39,Bernetta Sexti,Poor
232,Gaylord,Crumley,25,gcrumley6f@upenn.edu,PERU,99,88,84,90,Gaylord Crumley,Excellent
233,Vassily,Levee,24,vlevee6g@weebly.com,SWEDEN,25,24,9,19,Vassily Levee,Poor
234,Kristina,Twells,21,ktwells6h@google.com.hk,ARGENTINA,60,74,60,64,Kristina Twells,Good
235,Heda,Johnsee,19,hjohnsee6i@state.gov,CHINA,54,48,22,41,Heda Johnsee,Average
236,Mikel,Tearny,24,mtearny6j@auda.org.au,RUSSIA,65,33,31,43,Mikel Tearny,Average
237,Hermia,Scimoni,18,hscimoni6k@imageshack.us,CHINA,51,13,86,50,Hermia Scimoni,Average
238,Auberon,Rogeron,20,arogeron6l@apple.com,CHINA,24,88,61,57,Auberon Rogeron,Average
239,Wolf,Maffulli,21,wmaffulli6m@51.la,PORTUGAL,32,92,10,44,Wolf Maffulli,Average
240,Kendricks,Aldwich,24,kaldwich6n@moonfruit.com,CZECH REPUBLIC,57,13,37,35,Kendricks Aldwich,Poor
241,Vicki,Davidovics,19,vdavidovics6o@amazon.com,CHINA,32,57,92,60,Vicki Davidovics,Good
242,Chilton,Caff,20,ccaff6p@parallels.com,BRAZIL,9,1,47,19,Chilton Caff,Poor
243,Addy,Bolam,20,abolam6q@cyberchimps.com,CHINA,8,20,53,27,Addy Bolam,Poor
244,Allegra,Doeg,23,adoeg6r@cyberchimps.com,LUXEMBOURG,42,83,8,44,Allegra Doeg,Average
245,Sigismund,Showte,25,sshowte6s@about.me,SWEDEN,10,78,68,52,Sigismund Showte,Average
246,Lancelot,Northedge,18,lnorthedge6t@nymag.com,CHINA,73,88,61,74,Lancelot Northedge,Good
247,Angelia,Probin,21,aprobin6u@virginia.edu,MAURITIUS,34,10,91,45,Angelia Probin,Average
248,Lamont,Pettegre,18,lpettegre6v@comcast.net,PHILIPPINES,59,86,98,81,Lamont Pettegre,Excellent
249,Gerrie,McInteer,21,gmcinteer6w@springer.com,BRAZIL,68,32,5,35,Gerrie McInteer,Poor
250,Carmita,Ewestace,22,cewestace6x@etsy.com,SOUTH KOREA,30,60,68,52,Carmita Ewestace,Average
251,Arv,Sallier,24,asallier6y@cargocollective.com,PHILIPPINES,8,97,30,45,Arv Sallier,Average
252,Gwenneth,Poytress,24,gpoytress6z@sourceforge.net,CZECH REPUBLIC,90,54,99,81,Gwenneth Poytress,Excellent
253,Tammie,Ferroni,22,tferroni70@miibeian.gov.cn,SWEDEN,60,23,29,37,Tammie Ferroni,Poor
254,Blake,Minci,22,bminci71@senate.gov,CHINA,64,95,71,76,Blake Minci,Good
255,Oralia,Hankinson,19,ohankinson72@example.com,INDONESIA,91,24,62,59,Oralia Hankinson,Average
256,Caryl,Cannon,19,ccannon73@skyrock.com,PORTUGAL,2,34,71,35,Caryl Cannon,Poor
257,Freddy,Pilfold,20,fpilfold74@auda.org.au,CUBA,56,69,71,65,Freddy Pilfold,Good
258,Brock,Farenden,19,bfarenden75@istockphoto.com,CHINA,83,70,95,82,Brock Farenden,Excellent
259,Yardley,Highwood,23,yhighwood76@statcounter.com,FINLAND,3,79,46,42,Yardley Highwood,Average
260,Phylis,Cranstone,20,pcranstone77@cdc.gov,RUSSIA,81,41,25,49,Phylis Cranstone,Average
261,Merola,Jeary,18,mjeary78@google.com,INDONESIA,94,13,5,37,Merola Jeary,Poor
262,Jude,Van der Hoeven,23,jvanderhoeven79@google.co.jp,INDONESIA,78,27,88,64,Jude Van der Hoeven,Good
263,Hurley,Frantsev,22,hfrantsev7a@networkadvertising.org,PHILIPPINES,31,70,53,51,Hurley Frantsev,Average
264,Marris,Driver,23,mdriver7b@free.fr,BRAZIL,1,68,62,43,Marris Driver,Average
265,Cari,Gladman,21,cgladman7c@bigcartel.com,PORTUGAL,77,94,61,77,Cari Gladman,Good
266,Amalee,Sancraft,20,asancraft7d@last.fm,AZERBAIJAN,44,49,85,59,Amalee Sancraft,Average
267,Aprilette,Tejero,23,atejero7e@e-recht24.de,CHINA,17,27,1,15,Aprilette Tejero,Poor
268,Winonah,Simao,21,wsimao7f@nhs.uk,CHINA,21,52,26,33,Winonah Simao,Poor
269,Justinian,Hearons,20,jhearons7g@etsy.com,CHINA,93,23,75,63,Justinian Hearons,Good
270,Stacee,Standell,20,sstandell7h@xrea.com,INDONESIA,16,85,84,61,Stacee Standell,Good
271,Chet,Worlock,25,cworlock7i@japanpost.jp,INDONESIA,18,65,62,48,Chet Worlock,Average
272,Karlan,Layborn,23,klayborn7j@deviantart.com,AFGHANISTAN,37,98,18,51,Karlan Layborn,Average
273,Roselle,Filipson,21,rfilipson7k@rambler.ru,PHILIPPINES,67,41,55,54,Roselle Filipson,Average
274,Konrad,Powderham,21,kpowderham7l@themeforest.net,ESTONIA,70,25,85,60,Konrad Powderham,Good
275,Angy,Lashbrook,20,alashbrook7m@google.fr,UNITED STATES,35,69,66,56,Angy Lashbrook,Average
276,Jerad,Peatt,22,jpeatt7n@census.gov,PHILIPPINES,82,18,51,50,Jerad Peatt,Average
277,Hally,Loveman,18,hloveman7o@arizona.edu,TAIWAN,32,71,52,51,Hally Loveman,Average
278,Mickey,Bryceson,21,mbryceson7p@unc.edu,PERU,57,21,51,43,Mickey Bryceson,Average
279,Arthur,Don,22,adon7q@tripadvisor.com,CHINA,38,33,87,52,Arthur Don,Average
280,Dix,Zink,18,dzink7r@japanpost.jp,SOMALIA,35,18,26,26,Dix Zink,Poor
281,Pearline,Studdert,24,pstuddert7s@g.co,RUSSIA,53,43,33,43,Pearline Studdert,Average
282,Horacio,Trayes,20,htrayes7t@zdnet.com,UNITED STATES,26,34,6,22,Horacio Trayes,Poor
283,Waneta,Ickov,20,wickov7u@fema.gov,PHILIPPINES,0,40,18,19,Waneta Ickov,Poor
284,Margaretta,Lissemore,22,mlissemore7v@youtube.com,CHINA,9,96,89,64,Margaretta Lissemore,Good
285,Stanislaus,Bennison,19,sbennison7w@ocn.ne.jp,PHILIPPINES,96,71,12,59,Stanislaus Bennison,Average
286,Lil,Crips,21,lcrips7x@vistaprint.com,COLOMBIA,18,3,64,28,Lil Crips,Poor
287,Andreana,Beale,23,abeale7y@free.fr,INDONESIA,72,5,35,37,Andreana Beale,Poor
288,Grata,Garnett,23,ggarnett7z@about.me,ARGENTINA,16,49,48,37,Grata Garnett,Poor
289,Josephina,Grayshan,20,jgrayshan80@home.pl,PHILIPPINES,69,92,11,57,Josephina Grayshan,Average
290,Casar,Chantillon,20,cchantillon81@privacy.gov.au,SWEDEN,84,47,34,55,Casar Chantillon,Average
291,Lucilia,Le-Good,23,llegood82@hao123.com,ALBANIA,0,3,95,32,Lucilia Le-Good,Poor
292,Ardine,Benoit,22,abenoit83@wikia.com,COLOMBIA,59,45,86,63,Ardine Benoit,Good
293,Marylou,Antosik,21,mantosik84@admin.ch,UKRAINE,61,25,18,34,Marylou Antosik,Poor
294,Bron,Simmank,24,bsimmank85@state.gov,UKRAINE,38,37,98,57,Bron Simmank,Average
295,Timotheus,Florio,21,tflorio86@google.com.au,BRAZIL,53,8,27,29,Timotheus Florio,Poor
296,Ty,Merrall,19,tmerrall87@ucoz.com,FRANCE,36,86,46,56,Ty Merrall,Average
297,Jobi,Philpot,19,jphilpot88@opera.com,CROATIA,60,39,4,34,Jobi Philpot,Poor
298,Giulio,Endon,20,gendon89@posterous.com,POLAND,31,24,44,33,Giulio Endon,Poor
299,Alma,Collopy,24,acollopy8a@smh.com.au,INDONESIA,7,69,67,47,Alma Collopy,Average
300,Doroteya,Jantet,19,djantet8b@answers.com,ISRAEL,79,1,100,60,Doroteya Jantet,Good
301,Benyamin,Troup,24,btroup8c@disqus.com,FRANCE,27,46,80,51,Benyamin Troup,Average
302,Babara,Beldon,18,bbeldon8d@elegantthemes.com,UNITED STATES,38,13,38,29,Babara Beldon,Poor
303,Moyra,Wagen,23,mwagen8e@plala.or.jp,PORTUGAL,64,14,45,41,Moyra Wagen,Average
304,Gleda,Scorton,24,gscorton8f@reuters.com,SPAIN,98,14,88,66,Gleda Scorton,Good
305,Fritz,Tupp,24,ftupp8g@etsy.com,FRANCE,82,25,97,68,Fritz Tupp,Good
306,Camila,Scotter,24,cscotter8h@sitemeter.com,JAPAN,94,90,6,63,Camila Scotter,Good
307,Ciel,Fippe,22,cfippe8i@nasa.gov,INDONESIA,84,24,5,37,Ciel Fippe,Poor
308,Jeramie,Parriss,25,jparriss8j@exblog.jp,CHINA,49,4,50,34,Jeramie Parriss,Poor
309,Giuditta,Havik,22,ghavik8k@google.com.au,ALBANIA,34,54,83,57,Giuditta Havik,Average
310,Kylen,Dean,24,kdean8l@businessweek.com,JAPAN,15,57,2,24,Kylen Dean,Poor
311,Benoit,Calderonello,25,bcalderonello8m@discuz.net,CHINA,89,33,21,47,Benoit Calderonello,Average
312,Samara,Hemphall,19,shemphall8n@epa.gov,PHILIPPINES,58,0,61,39,Samara Hemphall,Poor
313,Engelbert,Turney,19,eturney8o@ted.com,MEXICO,51,86,84,73,Engelbert Turney,Good
314,Donaugh,Anstice,23,danstice8p@hhs.gov,CHINA,54,19,58,43,Donaugh Anstice,Average
315,Cole,Deverick,18,cdeverick8q@washingtonpost.com,DOMINICAN REPUBLIC,37,38,42,39,Cole Deverick,Poor
316,Peria,Stoves,22,pstoves8r@unicef.org,COSTA RICA,32,72,33,45,Peria Stoves,Average
317,Meryl,Klugel,20,mklugel8s@ebay.co.uk,CHINA,82,1,19,34,Meryl Klugel,Poor
318,Dewain,Siehard,22,dsiehard8t@irs.gov,CHINA,10,89,16,38,Dewain Siehard,Poor
319,Marianne,Mulbry,19,mmulbry8u@exblog.jp,CHILE,37,42,43,40,Marianne Mulbry,Average
320,Babbie,Laydel,22,blaydel8v@utexas.edu,POLAND,87,35,22,48,Babbie Laydel,Average
321,Desiree,Hamlett,22,dhamlett8w@chron.com,ETHIOPIA,21,74,85,60,Desiree Hamlett,Good
322,Annadiane,Antonov,18,aantonov8x@globo.com,INDONESIA,26,17,46,29,Annadiane Antonov,Poor
323,Stanford,Greader,23,sgreader8y@skype.com,CHINA,36,87,25,49,Stanford Greader,Average
324,Jerrie,Rackstraw,23,jrackstraw8z@bluehost.com,BRAZIL,70,61,63,64,Jerrie Rackstraw,Good
325,Byrom,Verheijden,21,bverheijden90@bandcamp.com,POLAND,40,28,48,38,Byrom Verheijden,Poor
326,Nikolai,Headingham,21,nheadingham91@imdb.com,POLAND,14,67,30,37,Nikolai Headingham,Poor
327,Minerva,McKenney,22,mmckenney92@example.com,SWEDEN,11,62,31,34,Minerva McKenney,Poor
328,Isabelle,Johnsson,25,ijohnsson93@typepad.com,RUSSIA,8,7,57,24,Isabelle Johnsson,Poor
329,Braden,Newcomen,24,bnewcomen94@soundcloud.com,BRAZIL,60,72,35,55,Braden Newcomen,Average
330,Willie,Kilpatrick,22,wkilpatrick95@hp.com,PORTUGAL,9,3,78,30,Willie Kilpatrick,Poor
331,Nettie,Sparsholt,25,nsparsholt96@printfriendly.com,CZECH REPUBLIC,76,87,59,74,Nettie Sparsholt,Good
332,Olympe,Hartill,22,ohartill97@vistaprint.com,PORTUGAL,71,91,87,83,Olympe Hartill,Excellent
333,Lorrie,Dace,25,ldace98@netlog.com,SERBIA,49,100,74,74,Lorrie Dace,Good
334,Antonetta,Atkins,23,aatkins99@xing.com,UKRAINE,67,3,82,50,Antonetta Atkins,Average
335,Mandel,Whyte,23,mwhyte9a@blogspot.com,MAURITIUS,11,49,69,43,Mandel Whyte,Average
336,Inger,Twiddell,18,itwiddell9b@tumblr.com,FRANCE,9,9,89,35,Inger Twiddell,Poor
337,Dede,Melmar,23,dmelmar9c@yellowbook.com,MEXICO,98,10,78,62,Dede Melmar,Good
338,Ebenezer,Isakovitch,23,eisakovitch9d@ucoz.com,COLOMBIA,34,43,15,30,Ebenezer Isakovitch,Poor
339,Zuzana,Meek,21,zmeek9e@earthlink.net,GEORGIA,64,91,26,60,Zuzana Meek,Good
340,Kelly,Roseby,20,kroseby9f@tamu.edu,PERU,68,36,66,56,Kelly Roseby,Average
341,Rachele,Ianitti,25,rianitti9g@europa.eu,PHILIPPINES,89,47,89,75,Rachele Ianitti,Good
342,Rodrique,Madgewick,20,rmadgewick9h@woothemes.com,PHILIPPINES,69,44,92,68,Rodrique Madgewick,Good
343,Helsa,Cockill,21,hcockill9i@opera.com,VENEZUELA,98,58,6,54,Helsa Cockill,Average
344,Locke,Bruhnke,18,lbruhnke9j@lulu.com,PERU,4,73,85,54,Locke Bruhnke,Average
345,Ambrose,Temprell,18,atemprell9k@ezinearticles.com,POLAND,37,10,72,39,Ambrose Temprell,Poor
346,Iseabal,Bendall,23,ibendall9l@usgs.gov,CHINA,22,76,5,34,Iseabal Bendall,Poor
347,Halsey,Sanham,25,hsanham9m@blogs.com,UNITED STATES,96,36,4,45,Halsey Sanham,Average
348,Julianne,Garfit,19,jgarfit9n@bbc.co.uk,ESTONIA,31,13,81,41,Julianne Garfit,Average
349,Cecil,Abberley,20,cabberley9o@e-recht24.de,PORTUGAL,22,65,42,43,Cecil Abberley,Average
350,Martica,Davidi,19,mdavidi9p@google.com.hk,CHINA,82,56,99,79,Martica Davidi,Good
351,Caterina,Harriott,19,charriott9q@google.de,PERU,23,91,35,49,Caterina Harriott,Average
352,Shana,Winsbury,22,swinsbury9r@nps.gov,CHINA,82,7,58,49,Shana Winsbury,Average
353,Saunderson,McNess,19,smcness9s@cpanel.net,UKRAINE,99,53,57,69,Saunderson McNess,Good
354,Nickolai,Thurber,19,nthurber9t@amazon.co.jp,PHILIPPINES,32,27,58,39,Nickolai Thurber,Poor
355,Patsy,Saich,22,psaich9u@zimbio.com,RUSSIA,74,68,31,57,Patsy Saich,Average
356,Jasun,Lascell,25,jlascell9v@geocities.jp,SPAIN,5,80,49,44,Jasun Lascell,Average
357,Lilia,Wilne,22,lwilne9w@com.com,BANGLADESH,13,48,81,47,Lilia Wilne,Average
358,Jilly,Caddock,18,jcaddock9x@sohu.com,THAILAND,99,23,15,45,Jilly Caddock,Average
359,Manolo,Benz,21,mbenz9y@skype.com,CHINA,61,59,76,65,Manolo Benz,Good
360,Holli,Schonfeld,23,hschonfeld9z@reddit.com,CHINA,47,45,69,53,Holli Schonfeld,Average
361,Golda,Flather,23,gflathera0@xing.com,INDONESIA,18,75,71,54,Golda Flather,Average
362,Carline,Bremmell,23,cbremmella1@admin.ch,FRANCE,63,32,38,44,Carline Bremmell,Average
363,Bibbie,Saffer,23,bsaffera2@icio.us,CHINA,65,9,27,33,Bibbie Saffer,Poor
364,Fredi,Shailer,22,fshailera3@cdc.gov,PORTUGAL,4,2,71,25,Fredi Shailer,Poor
365,Nikolaos,Runchman,24,nrunchmana4@mapy.cz,PORTUGAL,89,55,21,55,Nikolaos Runchman,Average
366,Coretta,Maginn,22,cmaginna5@reverbnation.com,INDONESIA,100,17,84,67,Coretta Maginn,Good
367,Kevon,Giggie,18,kgiggiea6@github.io,LUXEMBOURG,84,35,20,46,Kevon Giggie,Average
368,Dorri,Santus,20,dsantusa7@youtu.be,CROATIA,49,5,16,23,Dorri Santus,Poor
369,Georgeta,Aleksidze,21,galeksidzea8@people.com.cn,PORTUGAL,50,94,96,80,Georgeta Aleksidze,Excellent
370,Ursuline,Sitch,21,usitcha9@cbslocal.com,IRELAND,56,97,17,56,Ursuline Sitch,Average
371,Bert,Sember,20,bsemberaa@earthlink.net,CHINA,47,68,39,51,Bert Sember,Average
372,Veronike,Dwelley,22,vdwelleyab@wordpress.com,CHINA,36,86,77,66,Veronike Dwelley,Good
373,Linet,Fobidge,21,lfobidgeac@surveymonkey.com,BELARUS,89,22,93,68,Linet Fobidge,Good
374,Yalonda,Pamplin,19,ypamplinad@quantcast.com,CHINA,80,64,5,49,Yalonda Pamplin,Average
375,Anastasie,Wilbor,19,awilborae@drupal.org,PORTUGAL,2,10,21,11,Anastasie Wilbor,Poor
376,Byrle,Lyste,19,blysteaf@meetup.com,DOMINICAN REPUBLIC,81,46,98,75,Byrle Lyste,Good
377,Wat,Iozefovich,24,wiozefovichag@smugmug.com,BRAZIL,74,5,55,44,Wat Iozefovich,Average
378,Elisha,Lambrook,25,elambrookah@house.gov,INDONESIA,44,75,29,49,Elisha Lambrook,Average
379,Modestine,Johnys,25,mjohnysai@360.cn,CHINA,42,31,49,40,Modestine Johnys,Average
380,Gwennie,Hischke,18,ghischkeaj@bigcartel.com,PHILIPPINES,94,83,17,64,Gwennie Hischke,Good
381,Herve,Rubinchik,23,hrubinchikak@hc360.com,INDONESIA,7,85,43,45,Herve Rubinchik,Average
382,Tawnya,Waddy,18,twaddyal@last.fm,CHINA,98,80,50,76,Tawnya Waddy,Good
383,Iolanthe,Noore,24,inooream@guardian.co.uk,UKRAINE,85,78,49,70,Iolanthe Noore,Good
384,Gavra,Gatehouse,20,ggatehousean@earthlink.net,INDONESIA,48,24,34,35,Gavra Gatehouse,Poor
385,Rod,Podbury,19,rpodburyao@ucoz.com,CHINA,77,87,95,86,Rod Podbury,Excellent
386,Delainey,Dumbleton,24,ddumbletonap@dyndns.org,SOUTH AFRICA,58,12,47,39,Delainey Dumbleton,Poor
387,Miguel,Karmel,22,mkarmelaq@mapy.cz,ECUADOR,48,28,36,37,Miguel Karmel,Poor
388,Gretta,Shird,20,gshirdar@psu.edu,DOMINICAN REPUBLIC,85,60,57,67,Gretta Shird,Good
389,Babara,Franchioni,25,bfranchionias@weibo.com,ARGENTINA,40,16,7,21,Babara Franchioni,Poor
390,Norbert,Boldison,22,nboldisonat@addtoany.com,RUSSIA,15,40,89,48,Norbert Boldison,Average
391,Earlie,Luparti,25,elupartiau@hc360.com,SLOVENIA,12,96,100,69,Earlie Luparti,Good
392,Robbie,Illem,23,rillemav@discuz.net,GREECE,48,87,8,47,Robbie Illem,Average
393,Jemmie,Neem,22,jneemaw@moonfruit.com,AUSTRIA,36,78,88,67,Jemmie Neem,Good
394,Maddi,O'Callaghan,18,mocallaghanax@e-recht24.de,CANADA,15,68,93,58,Maddi O'Callaghan,Average
395,Ellary,Broske,20,ebroskeay@howstuffworks.com,INDONESIA,93,72,40,68,Ellary Broske,Good
396,Britte,Kelson,24,bkelsonaz@jiathis.com,SPAIN,14,92,70,58,Britte Kelson,Average
397,Fenelia,Ford,25,ffordb0@taobao.com,PHILIPPINES,5,60,22,29,Fenelia Ford,Poor
398,Hailee,Eskrigge,19,heskriggeb1@cbc.ca,SWEDEN,35,14,32,27,Hailee Eskrigge,Poor
399,Anstice,Juszkiewicz,19,ajuszkiewiczb2@fda.gov,PERU,32,76,78,62,Anstice Juszkiewicz,Good
400,Kelsey,Postlewhite,24,kpostlewhiteb3@flickr.com,BRAZIL,16,48,37,33,Kelsey Postlewhite,Poor
401,Lon,Kernock,25,lkernockb4@abc.net.au,POLAND,21,32,58,37,Lon Kernock,Poor
402,Fairfax,Sidden,21,fsiddenb5@paginegialle.it,CHINA,42,61,33,45,Fairfax Sidden,Average
403,Andra,Garnar,23,agarnarb6@hc360.com,JAPAN,59,71,73,67,Andra Garnar,Good
404,Taffy,Hessentaler,21,thessentalerb7@usatoday.com,LUXEMBOURG,43,93,66,67,Taffy Hessentaler,Good
405,Cherri,Lainton,23,claintonb8@theatlantic.com,COLOMBIA,53,67,79,66,Cherri Lainton,Good
406,Costanza,Januszkiewicz,19,cjanuszkiewiczb9@vkontakte.ru,MOROCCO,63,96,18,59,Costanza Januszkiewicz,Average
407,Izaak,Saxton,21,isaxtonba@dell.com,CHINA,43,30,59,44,Izaak Saxton,Average
408,Gerick,Baumadier,23,gbaumadierbb@miitbeian.gov.cn,CHINA,42,61,97,66,Gerick Baumadier,Good
409,Anitra,Poad,19,apoadbc@arstechnica.com,MADAGASCAR,50,71,8,43,Anitra Poad,Average
410,Teddi,Furmenger,20,tfurmengerbd@eventbrite.com,INDONESIA,71,49,89,69,Teddi Furmenger,Good
411,Jacintha,Rosenkrantz,24,jrosenkrantzbe@dmoz.org,CHINA,64,2,54,40,Jacintha Rosenkrantz,Average
412,Beulah,Gruszecki,18,bgruszeckibf@blogtalkradio.com,CHINA,96,23,35,51,Beulah Gruszecki,Average
413,Donnie,Gilstin,20,dgilstinbg@tinyurl.com,GUATEMALA,50,14,67,43,Donnie Gilstin,Average
414,Arabella,Scoyne,23,ascoynebh@networkadvertising.org,CHINA,47,1,17,21,Arabella Scoyne,Poor
415,Lem,Clelle,25,lclellebi@mail.ru,SLOVENIA,90,27,92,69,Lem Clelle,Good
416,Shari,Ratnege,18,sratnegebj@seesaa.net,SLOVENIA,22,76,61,53,Shari Ratnege,Average
417,Michail,Stonhard,21,mstonhardbk@freewebs.com,UNITED STATES,17,16,0,11,Michail Stonhard,Poor
418,Modesty,Berriman,23,mberrimanbl@loc.gov,CHINA,52,8,72,44,Modesty Berriman,Average
419,Sondra,Zorzini,25,szorzinibm@networkadvertising.org,FRANCE,57,38,28,41,Sondra Zorzini,Average
420,Matt,Braunfeld,24,mbraunfeldbn@cocolog-nifty.com,VENEZUELA,61,69,28,52,Matt Braunfeld,Average
421,Reese,Soame,20,rsoamebo@com.com,GERMANY,86,0,28,38,Reese Soame,Poor
422,Chevy,Sidey,22,csideybp@columbia.edu,SENEGAL,38,81,85,68,Chevy Sidey,Good
423,Monti,Mountney,19,mmountneybq@upenn.edu,COLOMBIA,12,5,19,12,Monti Mountney,Poor
424,Pen,Lemmers,19,plemmersbr@disqus.com,CHINA,78,65,24,55,Pen Lemmers,Average
425,Demetris,Maillard,21,dmaillardbs@patch.com,AUSTRALIA,1,41,43,28,Demetris Maillard,Poor
426,Sanders,Gladbeck,19,sgladbeckbt@skyrock.com,INDONESIA,96,44,32,57,Sanders Gladbeck,Average
427,Adriena,Kentish,21,akentishbu@goodreads.com,PERU,20,11,65,32,Adriena Kentish,Poor
428,Mariellen,Pitceathly,19,mpitceathlybv@t.co,INDONESIA,45,44,34,41,Mariellen Pitceathly,Average
429,Ethelind,Knevet,24,eknevetbw@cbslocal.com,ISRAEL,97,94,59,83,Ethelind Knevet,Excellent
430,Mortie,Sorrie,20,msorriebx@freewebs.com,ARGENTINA,91,83,3,59,Mortie Sorrie,Average
431,Tam,Dansken,23,tdanskenby@harvard.edu,CHINA,13,68,54,45,Tam Dansken,Average
432,Cordie,Fossett,25,cfossettbz@addthis.com,POLAND,49,10,2,20,Cordie Fossett,Poor
433,Lou,Tapley,24,ltapleyc0@163.com,ARGENTINA,49,20,86,51,Lou Tapley,Average
434,Annalee,Bolingbroke,22,abolingbrokec1@census.gov,CHINA,90,35,17,47,Annalee Bolingbroke,Average
435,Idell,Salvatore,20,isalvatorec2@state.tx.us,UNITED STATES,92,25,64,60,Idell Salvatore,Good
436,Walden,Widdowes,18,wwiddowesc3@php.net,PHILIPPINES,22,12,84,39,Walden Widdowes,Poor
437,Cletus,Dolan,20,cdolanc4@newyorker.com,GREECE,0,44,17,20,Cletus Dolan,Poor
438,Alma,Sadat,24,asadatc5@nyu.edu,CHINA,58,5,23,28,Alma Sadat,Poor
439,Corabelle,Hibling,18,chiblingc6@nifty.com,INDONESIA,2,76,78,52,Corabelle Hibling,Average
440,Vin,Pettingall,18,vpettingallc7@oracle.com,CHINA,54,88,18,53,Vin Pettingall,Average
441,Dwayne,Binnall,24,dbinnallc8@icio.us,RUSSIA,45,75,23,47,Dwayne Binnall,Average
442,Justinn,Sprigg,21,jspriggc9@google.fr,JAPAN,65,5,61,43,Justinn Sprigg,Average
443,Marshal,Bladge,25,mbladgeca@whitehouse.gov,GREECE,39,10,91,46,Marshal Bladge,Average
444,Christiano,Haszard,23,chaszardcb@smh.com.au,INDONESIA,37,40,91,56,Christiano Haszard,Average
445,Emalia,Cockling,21,ecocklingcc@cpanel.net,POLAND,80,75,1,52,Emalia Cockling,Average
446,Bealle,Mickleborough,20,bmickleboroughcd@stanford.edu,CZECH REPUBLIC,62,79,27,56,Bealle Mickleborough,Average
447,Adora,Kee,20,akeece@merriam-webster.com,CHINA,85,72,19,58,Adora Kee,Average
448,Niel,McColgan,18,nmccolgancf@ucoz.ru,RUSSIA,56,63,3,40,Niel McColgan,Average
449,Frankie,Dressel,18,fdresselcg@prlog.org,RUSSIA,24,67,57,49,Frankie Dressel,Average
450,Irene,Van Geffen,23,ivangeffench@lulu.com,PHILIPPINES,12,9,64,28,Irene Van Geffen,Poor
451,Dorette,O'Corren,19,docorrenci@smugmug.com,BRAZIL,98,14,11,41,Dorette O'Corren,Average
452,Misti,Venton,24,mventoncj@cafepress.com,SYRIA,74,41,33,49,Misti Venton,Average
453,Georgeanne,Tomasutti,20,gtomasuttick@bravesites.com,FINLAND,23,1,26,16,Georgeanne Tomasutti,Poor
454,Janos,Blanckley,22,jblanckleycl@privacy.gov.au,KAZAKHSTAN,91,0,40,43,Janos Blanckley,Average
455,Adriaens,Coventon,23,acoventoncm@guardian.co.uk,RUSSIA,97,12,48,52,Adriaens Coventon,Average
456,Kandy,Algar,23,kalgarcn@unicef.org,CHINA,37,37,45,39,Kandy Algar,Poor
457,Pansie,Rattray,23,prattrayco@forbes.com,RUSSIA,56,11,12,26,Pansie Rattray,Poor
458,Verna,Harriss,18,vharrisscp@quantcast.com,PERU,41,78,18,45,Verna Harriss,Average
459,Karisa,Brocks,23,kbrockscq@dot.gov,CHINA,94,21,15,43,Karisa Brocks,Average
460,Bobbye,Crann,20,bcranncr@rakuten.co.jp,CHINA,23,23,89,45,Bobbye Crann,Average
461,Aubrey,Beddoes,24,abeddoescs@youku.com,INDONESIA,13,29,85,42,Aubrey Beddoes,Average
462,Gretchen,Olohan,21,golohanct@kickstarter.com,PHILIPPINES,21,6,47,24,Gretchen Olohan,Poor
463,Quintin,Foxley,23,qfoxleycu@java.com,SWEDEN,92,76,6,58,Quintin Foxley,Average
464,Dolores,Sharland,19,dsharlandcv@cargocollective.com,FRANCE,55,2,93,50,Dolores Sharland,Average
465,Upton,Bardwell,21,ubardwellcw@weebly.com,MONGOLIA,34,95,5,44,Upton Bardwell,Average
466,Helen-elizabeth,Hullbrook,22,hhullbrookcx@microsoft.com,SWEDEN,54,41,15,36,Helen-elizabeth Hullbrook,Poor
467,Drusy,Sinnat,25,dsinnatcy@naver.com,VIETNAM,3,23,35,20,Drusy Sinnat,Poor
468,Ezmeralda,Cettell,22,ecettellcz@github.com,IRELAND,15,75,6,32,Ezmeralda Cettell,Poor
469,Ajay,Whapham,24,awhaphamd0@desdev.cn,INDONESIA,31,7,62,33,Ajay Whapham,Poor
470,Locke,Yurshev,24,lyurshevd1@narod.ru,SERBIA,80,13,39,44,Locke Yurshev,Average
471,Georgiana,Hachard,21,ghachardd2@unicef.org,PANAMA,72,91,97,86,Georgiana Hachard,Excellent
472,Darci,Enderwick,22,denderwickd3@kickstarter.com,MONGOLIA,90,98,67,85,Darci Enderwick,Excellent
473,Jamie,Ghest,20,jghestd4@va.gov,PORTUGAL,79,23,65,55,Jamie Ghest,Average
474,Levi,Brayford,23,lbrayfordd5@ucoz.ru,SWEDEN,61,46,69,58,Levi Brayford,Average
475,Nataniel,Tungay,20,ntungayd6@uol.com.br,POLAND,52,16,45,37,Nataniel Tungay,Poor
476,Hendrik,Bowling,19,hbowlingd7@ibm.com,LATVIA,69,20,41,43,Hendrik Bowling,Average
477,Alfreda,Crabbe,22,acrabbed8@cbc.ca,PERU,90,2,78,56,Alfreda Crabbe,Average
478,Rozalin,Alltimes,24,ralltimesd9@whitehouse.gov,GUATEMALA,72,31,74,59,Rozalin Alltimes,Average
479,Avrom,Payne,19,apayneda@moonfruit.com,CZECH REPUBLIC,51,99,99,83,Avrom Payne,Excellent
480,Kile,Geare,22,kgearedb@hibu.com,MALTA,31,35,24,30,Kile Geare,Poor
481,Gregg,Teulier,19,gteulierdc@scribd.com,COLOMBIA,57,21,23,33,Gregg Teulier,Poor
482,Margret,MacKellar,23,mmackellardd@networkadvertising.org,CHILE,25,61,66,50,Margret MacKellar,Average
483,Joshuah,De Hooch,22,jdehoochde@opensource.org,CANADA,30,100,96,75,Joshuah De Hooch,Good
484,Beret,Noell,22,bnoelldf@gnu.org,UNITED STATES,54,24,67,48,Beret Noell,Average
485,Linoel,Filintsev,22,lfilintsevdg@princeton.edu,RUSSIA,5,85,26,38,Linoel Filintsev,Poor
486,Cristabel,Izzett,18,cizzettdh@go.com,INDONESIA,90,76,7,57,Cristabel Izzett,Average
487,Norby,Roxby,23,nroxbydi@pinterest.com,SPAIN,29,30,67,42,Norby Roxby,Average
488,Minda,Daintith,20,mdaintithdj@berkeley.edu,INDONESIA,12,2,22,12,Minda Daintith,Poor
489,Jerrilyn,Redhole,19,jredholedk@cnet.com,MALAYSIA,81,100,68,83,Jerrilyn Redhole,Excellent
490,Janey,Brinkman,19,jbrinkmandl@ebay.co.uk,CHINA,80,60,37,59,Janey Brinkman,Average
491,Gipsy,Borzone,18,gborzonedm@prnewswire.com,CHINA,1,51,50,34,Gipsy Borzone,Poor
492,Christyna,Bachelar,19,cbachelardn@cafepress.com,HAITI,11,18,98,42,Christyna Bachelar,Average
493,Tomi,Foot,18,tfootdo@sphinn.com,BRAZIL,22,28,22,24,Tomi Foot,Poor
494,Cozmo,Rolland,20,crollanddp@seesaa.net,ISRAEL,56,12,39,35,Cozmo Rolland,Poor
495,Goran,Pizey,24,gpizeydq@ted.com,PORTUGAL,55,72,13,46,Goran Pizey,Average
496,Bard,Gatheridge,21,bgatheridgedr@apple.com,SWEDEN,32,89,38,53,Bard Gatheridge,Average
497,Aleda,Whittier,22,awhittierds@yolasite.com,CHINA,75,7,89,57,Aleda Whittier,Average
498,Kassie,Boseley,24,kboseleydt@diigo.com,PORTUGAL,70,97,66,77,Kassie Boseley,Good
499,Lemmie,Cudby,18,lcudbydu@mysql.com,INDONESIA,78,88,68,78,Lemmie Cudby,Good
500,Humfried,Axelby,20,haxelbydv@virginia.edu,MEXICO,42,63,46,50,Humfried Axelby,Average
501,Roth,Arcase,24,rarcasedw@livejournal.com,CHINA,23,96,92,70,Roth Arcase,Good
502,Mirelle,Dutteridge,25,mdutteridgedx@meetup.com,CHINA,48,59,8,38,Mirelle Dutteridge,Poor
503,Leeann,Gruszczak,24,lgruszczakdy@twitter.com,FRANCE,81,39,16,45,Leeann Gruszczak,Average
504,Arabele,Malins,23,amalinsdz@hubpages.com,CHINA,45,58,24,42,Arabele Malins,Average
505,Erastus,Lydiatt,25,elydiatte0@istockphoto.com,UKRAINE,44,52,17,37,Erastus Lydiatt,Poor
506,Clementine,Poulden,25,cpouldene1@shutterfly.com,SWEDEN,61,92,47,66,Clementine Poulden,Good
507,Fanni,Yu,21,fyue2@businesswire.com,PHILIPPINES,92,52,58,67,Fanni Yu,Good
508,Conny,Tidcombe,23,ctidcombee3@de.vu,INDONESIA,58,84,69,70,Conny Tidcombe,Good
509,Frans,Shoute,25,fshoutee4@nyu.edu,INDONESIA,21,22,92,45,Frans Shoute,Average
510,Moss,Boylund,19,mboylunde5@sphinn.com,BULGARIA,54,96,52,67,Moss Boylund,Good
511,Syd,Linscott,18,slinscotte6@cbsnews.com,RUSSIA,26,10,29,21,Syd Linscott,Poor
512,Karon,Mendenhall,19,kmendenhalle7@angelfire.com,HONDURAS,55,78,44,59,Karon Mendenhall,Average
513,Nicky,Medlen,21,nmedlene8@lycos.com,INDONESIA,44,31,72,49,Nicky Medlen,Average
514,Gabby,Widger,23,gwidgere9@bloglines.com,IRAN,24,59,75,52,Gabby Widger,Average
515,Jessika,Cowmeadow,22,jcowmeadowea@smugmug.com,UKRAINE,7,64,30,33,Jessika Cowmeadow,Poor
516,Constantin,Frisdick,20,cfrisdickeb@ca.gov,CANADA,71,2,69,47,Constantin Frisdick,Average
517,Forester,Wooles,21,fwoolesec@mozilla.org,VENEZUELA,60,25,39,41,Forester Wooles,Average
518,Grantham,Garrould,25,ggarroulded@g.co,PHILIPPINES,12,79,4,31,Grantham Garrould,Poor
519,Carina,Jarvie,25,cjarvieee@cnet.com,MICRONESIA,53,100,36,63,Carina Jarvie,Good
520,Dyna,Margrett,18,dmargrettef@freewebs.com,BRAZIL,55,46,86,62,Dyna Margrett,Good
521,Murdoch,Piesing,24,mpiesingeg@uol.com.br,UKRAINE,50,98,7,51,Murdoch Piesing,Average
522,Camile,Beldom,24,cbeldomeh@deliciousdays.com,RUSSIA,84,75,74,77,Camile Beldom,Good
523,Boyce,Spandley,25,bspandleyei@phoca.cz,SOUTH AFRICA,32,99,7,46,Boyce Spandley,Average
524,Natty,Tole,25,ntoleej@diigo.com,CHINA,57,16,35,36,Natty Tole,Poor
525,Nelie,Kordova,20,nkordovaek@ucsd.edu,PERU,87,45,52,61,Nelie Kordova,Good
526,Brucie,Peddie,19,bpeddieel@technorati.com,DOMINICAN REPUBLIC,42,74,63,59,Brucie Peddie,Average
527,Bearnard,Telford,18,btelfordem@soundcloud.com,RUSSIA,24,49,94,55,Bearnard Telford,Average
528,Mariam,Braybrook,19,mbraybrooken@amazon.com,CHINA,17,40,69,42,Mariam Braybrook,Average
529,Blisse,Ventum,21,bventumeo@clickbank.net,CHINA,85,52,43,60,Blisse Ventum,Good
530,Arvy,McGirr,18,amcgirrep@hatena.ne.jp,DENMARK,73,24,55,50,Arvy McGirr,Average
531,Garnette,St Leger,25,gstlegereq@furl.net,CHINA,78,98,88,88,Garnette St Leger,Excellent
532,Heriberto,Garr,23,hgarrer@altervista.org,INDONESIA,38,29,62,43,Heriberto Garr,Average
533,Jobey,Pilipets,20,jpilipetses@intel.com,RUSSIA,3,87,47,45,Jobey Pilipets,Average
534,Scotti,Cuttles,18,scuttleset@google.co.jp,CHINA,30,36,43,36,Scotti Cuttles,Poor
535,Junette,Lulham,23,jlulhameu@nbcnews.com,NICARAGUA,52,5,43,33,Junette Lulham,Poor
536,Carny,Letford,20,cletfordev@canalblog.com,BRAZIL,28,31,65,41,Carny Letford,Average
537,Rori,Sparry,20,rsparryew@illinois.edu,CHINA,59,58,91,69,Rori Sparry,Good
538,Donny,Duggan,18,ddugganex@yahoo.com,INDONESIA,5,90,52,49,Donny Duggan,Average
539,Thea,Hegel,21,thegeley@is.gd,VIETNAM,29,90,29,49,Thea Hegel,Average
540,Jackelyn,Lovejoy,20,jlovejoyez@irs.gov,UNITED STATES,18,11,83,37,Jackelyn Lovejoy,Poor
541,Brice,Kellett,21,bkellettf0@clickbank.net,CHINA,36,15,20,23,Brice Kellett,Poor
542,Pebrook,Keyse,22,pkeysef1@vistaprint.com,CHINA,37,16,99,50,Pebrook Keyse,Average
543,Gabie,Lavington,23,glavingtonf2@webmd.com,CAMEROON,74,47,25,48,Gabie Lavington,Average
544,Grayce,Boshere,25,gbosheref3@desdev.cn,CHINA,60,98,37,65,Grayce Boshere,Good
545,Jarrad,Kerwin,20,jkerwinf4@amazonaws.com,MACEDONIA,61,59,39,53,Jarrad Kerwin,Average
546,Jock,Richford,21,jrichfordf5@nifty.com,INDONESIA,27,26,2,18,Jock Richford,Poor
547,Estrella,Molfino,21,emolfinof6@jalbum.net,FRANCE,89,84,39,70,Estrella Molfino,Good
548,Tanney,Bunkle,23,tbunklef7@flickr.com,GREECE,22,83,85,63,Tanney Bunkle,Good
549,Jody,Hartas,19,jhartasf8@woothemes.com,ARMENIA,89,39,92,73,Jody Hartas,Good
550,Archer,Vinker,22,avinkerf9@ucla.edu,CHINA,46,94,84,74,Archer Vinker,Good
551,Northrup,Bonellie,19,nbonelliefa@google.de,SLOVENIA,0,98,51,49,Northrup Bonellie,Average
552,Dinnie,Camp,22,dcampfb@imdb.com,PORTUGAL,80,51,13,48,Dinnie Camp,Average
553,Verne,Scraney,20,vscraneyfc@yahoo.com,CHINA,59,79,51,63,Verne Scraney,Good
554,Carlen,Cardon,25,ccardonfd@creativecommons.org,NIGERIA,22,59,63,48,Carlen Cardon,Average
555,Marlow,O'Rudden,20,moruddenfe@reference.com,PORTUGAL,23,86,34,47,Marlow O'Rudden,Average
556,Ingamar,Creedland,18,icreedlandff@unicef.org,CHINA,36,91,37,54,Ingamar Creedland,Average
557,Brockie,Gleaves,23,bgleavesfg@thetimes.co.uk,CANADA,84,79,84,82,Brockie Gleaves,Excellent
558,Raphaela,Hing,18,rhingfh@clickbank.net,MONGOLIA,71,72,86,76,Raphaela Hing,Good
559,Kristine,Ell,24,kellfi@independent.co.uk,BRAZIL,99,67,27,64,Kristine Ell,Good
560,Garrard,Lidell,23,glidellfj@bigcartel.com,CHINA,3,49,49,33,Garrard Lidell,Poor
561,Dalt,Innot,19,dinnotfk@statcounter.com,BRAZIL,91,21,6,39,Dalt Innot,Poor
562,Wain,Borleace,18,wborleacefl@de.vu,PHILIPPINES,72,44,38,51,Wain Borleace,Average
563,Gery,Blucher,21,gblucherfm@whitehouse.gov,INDONESIA,21,51,42,38,Gery Blucher,Poor
564,Phaidra,Drynan,18,pdrynanfn@seesaa.net,UKRAINE,72,21,93,62,Phaidra Drynan,Good
565,Pietra,Pontefract,23,ppontefractfo@1und1.de,JORDAN,22,51,65,46,Pietra Pontefract,Average
566,Tymon,Gillebert,19,tgillebertfp@geocities.jp,JAPAN,4,81,81,55,Tymon Gillebert,Average
567,Augustina,Biasioli,20,abiasiolifq@huffingtonpost.com,RUSSIA,35,5,14,18,Augustina Biasioli,Poor
568,Aubrey,Parmby,23,aparmbyfr@infoseek.co.jp,FRANCE,27,87,16,43,Aubrey Parmby,Average
569,Cora,Sedwick,24,csedwickfs@reference.com,INDONESIA,13,53,35,33,Cora Sedwick,Poor
570,Clarisse,Ledes,24,cledesft@samsung.com,INDONESIA,93,95,29,72,Clarisse Ledes,Good
571,Palm,Marflitt,19,pmarflittfu@amazon.com,FRANCE,28,96,22,48,Palm Marflitt,Average
572,Marguerite,MacKeague,21,mmackeaguefv@google.it,UKRAINE,17,98,34,49,Marguerite MacKeague,Average
573,Mady,Nockells,20,mnockellsfw@jugem.jp,PHILIPPINES,68,95,82,81,Mady Nockells,Excellent
574,Lynnet,Fayerman,25,lfayermanfx@epa.gov,CHINA,5,62,86,51,Lynnet Fayerman,Average
575,Bary,Renahan,23,brenahanfy@weibo.com,JAPAN,96,92,1,63,Bary Renahan,Good
576,Bailey,Deeney,20,bdeeneyfz@netvibes.com,CHINA,76,89,96,87,Bailey Deeney,Excellent
577,Garik,MacGaughie,23,gmacgaughieg0@aboutads.info,CAMEROON,97,71,15,61,Garik MacGaughie,Good
578,Jeannie,Crowch,22,jcrowchg1@tripadvisor.com,NIGERIA,18,3,45,22,Jeannie Crowch,Poor
579,Codi,Kleinstub,25,ckleinstubg2@vinaora.com,KUWAIT,23,28,26,25,Codi Kleinstub,Poor
580,Ulrich,Blake,21,ublakeg3@edublogs.org,CENTRAL AFRICAN REPUBLIC,16,30,50,32,Ulrich Blake,Poor
581,Jamaal,Cowely,22,jcowelyg4@issuu.com,PORTUGAL,94,87,64,81,Jamaal Cowely,Excellent
582,Shelby,Ceyssen,24,sceysseng5@statcounter.com,BOSNIA AND HERZEGOVINA,49,1,11,20,Shelby Ceyssen,Poor
583,Felike,Devoy,20,fdevoyg6@seesaa.net,MEXICO,22,93,100,71,Felike Devoy,Good
584,Letta,Ginman,20,lginmang7@patch.com,CHINA,97,66,75,79,Letta Ginman,Good
585,Valma,Pulbrook,18,vpulbrookg8@tripadvisor.com,INDONESIA,94,80,57,77,Valma Pulbrook,Good
586,Faye,Ramstead,24,framsteadg9@jugem.jp,ARMENIA,58,58,73,63,Faye Ramstead,Good
587,Ebenezer,Philipeaux,19,ephilipeauxga@senate.gov,BRAZIL,12,12,97,40,Ebenezer Philipeaux,Average
588,Sibel,Kettlestring,24,skettlestringgb@tiny.cc,KUWAIT,70,85,10,55,Sibel Kettlestring,Average
589,Beauregard,Halleday,19,bhalledaygc@webnode.com,RUSSIA,1,61,25,29,Beauregard Halleday,Poor
590,Jackie,Van Halen,20,jvanhalengd@reverbnation.com,UNITED STATES,29,38,20,29,Jackie Van Halen,Poor
591,Jacquenetta,Cristofalo,24,jcristofaloge@adobe.com,ARGENTINA,43,95,63,67,Jacquenetta Cristofalo,Good
592,Raffaello,Scatcher,22,rscatchergf@soup.io,UNITED STATES,81,28,18,42,Raffaello Scatcher,Average
593,Angela,Bernade,22,abernadegg@nyu.edu,INDONESIA,61,24,69,51,Angela Bernade,Average
594,Hendrick,Gulliver,24,hgullivergh@telegraph.co.uk,CZECH REPUBLIC,81,62,45,62,Hendrick Gulliver,Good
595,Connor,Bohman,21,cbohmangi@businessinsider.com,CHINA,68,28,11,35,Connor Bohman,Poor
596,Corabelle,Savine,24,csavinegj@pinterest.com,JAPAN,7,96,40,47,Corabelle Savine,Average
597,Kylie,Croster,20,kcrostergk@unesco.org,ARGENTINA,47,93,94,78,Kylie Croster,Good
598,Lelah,Wickrath,25,lwickrathgl@newsvine.com,INDONESIA,51,18,91,53,Lelah Wickrath,Average
599,Sheridan,Merredy,21,smerredygm@springer.com,CHINA,84,6,19,36,Sheridan Merredy,Poor
600,Brittne,Runge,18,brungegn@rambler.ru,BRAZIL,100,9,99,69,Brittne Runge,Good
601,Egor,Roddy,21,eroddygo@domainmarket.com,COLOMBIA,96,51,20,55,Egor Roddy,Average
602,Domeniga,Fransson,23,dfranssongp@rambler.ru,POLAND,32,14,72,39,Domeniga Fransson,Poor
603,Francine,Berger,23,fbergergq@nymag.com,JAPAN,78,92,72,80,Francine Berger,Excellent
604,Cecil,Sweeten,19,csweetengr@sitemeter.com,RUSSIA,39,79,87,68,Cecil Sweeten,Good
605,Klara,O'Crigane,25,kocriganegs@tmall.com,CROATIA,78,97,77,84,Klara O'Crigane,Excellent
606,Percival,Andreacci,25,pandreaccigt@usa.gov,PHILIPPINES,55,47,86,62,Percival Andreacci,Good
607,Elset,Puig,23,epuiggu@blogger.com,ARGENTINA,48,18,46,37,Elset Puig,Poor
608,Silvio,Castagne,19,scastagnegv@unicef.org,BRAZIL,65,55,44,54,Silvio Castagne,Average
609,Aila,Acton,22,aactongw@godaddy.com,SWEDEN,19,56,82,52,Aila Acton,Average
610,Brannon,Klaas,19,bklaasgx@google.co.jp,FRANCE,56,18,96,56,Brannon Klaas,Average
611,Margarete,Ladbury,25,mladburygy@samsung.com,IRAN,15,50,18,27,Margarete Ladbury,Poor
612,Timoteo,Briston,20,tbristongz@issuu.com,RUSSIA,73,19,74,55,Timoteo Briston,Average
613,Nappie,McGarvey,20,nmcgarveyh0@hugedomains.com,INDONESIA,80,17,97,64,Nappie McGarvey,Good
614,Antoni,Fleeman,22,afleemanh1@who.int,BRAZIL,1,20,100,40,Antoni Fleeman,Average
615,Nap,Rainsden,20,nrainsdenh2@desdev.cn,RUSSIA,82,25,92,66,Nap Rainsden,Good
616,Athene,McLennan,19,amclennanh3@techcrunch.com,INDONESIA,82,10,64,52,Athene McLennan,Average
617,Alec,Advani,23,aadvanih4@cyberchimps.com,CANADA,42,34,29,35,Alec Advani,Poor
618,Averyl,Dale,22,adaleh5@ning.com,FRANCE,54,43,55,50,Averyl Dale,Average
619,James,Nadin,25,jnadinh6@addthis.com,INDONESIA,54,76,30,53,James Nadin,Average
620,Kirbee,Dunkerly,23,kdunkerlyh7@rakuten.co.jp,CHINA,3,5,36,14,Kirbee Dunkerly,Poor
621,Lia,Rotter,20,lrotterh8@cafepress.com,MACEDONIA,34,18,47,33,Lia Rotter,Poor
622,Norma,Fawbert,22,nfawberth9@irs.gov,GUAM,9,29,57,31,Norma Fawbert,Poor
623,Warden,Dreier,22,wdreierha@dedecms.com,PORTUGAL,66,1,71,46,Warden Dreier,Average
624,Mignonne,Surr,21,msurrhb@infoseek.co.jp,POLAND,19,94,93,68,Mignonne Surr,Good
625,Tiebout,Garret,18,tgarrethc@fc2.com,CHINA,20,52,83,51,Tiebout Garret,Average
626,Daffi,Ollet,22,dollethd@infoseek.co.jp,BOTSWANA,23,49,61,44,Daffi Ollet,Average
627,Roselia,Burless,25,rburlesshe@rediff.com,NIGERIA,26,57,18,33,Roselia Burless,Poor
628,Leland,O'Mahoney,18,lomahoneyhf@xrea.com,YEMEN,54,58,29,47,Leland O'Mahoney,Average
629,Julian,Sydes,20,jsydeshg@ezinearticles.com,BRAZIL,69,58,21,49,Julian Sydes,Average
630,Bathsheba,Hemphrey,19,bhemphreyhh@kickstarter.com,CHINA,68,70,100,79,Bathsheba Hemphrey,Good
631,Hilton,Zorzetti,18,hzorzettihi@nymag.com,GREECE,14,37,50,33,Hilton Zorzetti,Poor
632,Marius,Grieswood,25,mgrieswoodhj@biblegateway.com,CHINA,57,85,49,63,Marius Grieswood,Good
633,Sarette,Raft,19,srafthk@wikimedia.org,RUSSIA,11,15,25,17,Sarette Raft,Poor
634,Marylee,Tupling,19,mtuplinghl@mashable.com,INDONESIA,80,26,97,67,Marylee Tupling,Good
635,Ailee,Stillert,24,astillerthm@house.gov,POLAND,56,49,46,50,Ailee Stillert,Average
636,Mara,Starbuck,25,mstarbuckhn@hostgator.com,CHINA,37,25,58,40,Mara Starbuck,Average
637,Konstanze,Downe,22,kdowneho@phoca.cz,PHILIPPINES,6,20,91,39,Konstanze Downe,Poor
638,Lionello,Steere,20,lsteerehp@webeden.co.uk,FRANCE,88,30,70,62,Lionello Steere,Good
639,Ryun,Abramamovh,20,rabramamovhhq@angelfire.com,BRAZIL,87,15,7,36,Ryun Abramamovh,Poor
640,Pierson,Spieck,20,pspieckhr@w3.org,RUSSIA,84,42,80,68,Pierson Spieck,Good
641,Julina,Klimochkin,19,jklimochkinhs@nps.gov,CHINA,82,10,81,57,Julina Klimochkin,Average
642,Roscoe,Whittam,25,rwhittamht@hhs.gov,CHINA,51,30,3,28,Roscoe Whittam,Poor
643,Devlen,Shoemark,18,dshoemarkhu@cbc.ca,CANADA,21,38,8,22,Devlen Shoemark,Poor
644,Ransom,Enrdigo,23,renrdigohv@unc.edu,LATVIA,38,87,63,62,Ransom Enrdigo,Good
645,Krystle,Fursland,21,kfurslandhw@hibu.com,INDONESIA,20,81,21,40,Krystle Fursland,Average
646,Allyce,Coultas,23,acoultashx@pcworld.com,MACEDONIA,33,93,44,56,Allyce Coultas,Average
647,Isak,Kissick,18,ikissickhy@icio.us,SOUTH KOREA,30,29,98,52,Isak Kissick,Average
648,Linzy,McElwee,21,lmcelweehz@mapquest.com,CHINA,95,53,54,67,Linzy McElwee,Good
649,Mead,Andras,20,mandrasi0@independent.co.uk,MALTA,0,45,21,22,Mead Andras,Poor
650,Ivett,Balas,23,ibalasi1@bloomberg.com,COMOROS,68,72,43,61,Ivett Balas,Good
651,Khalil,Roskruge,21,kroskrugei2@java.com,PORTUGAL,34,33,96,54,Khalil Roskruge,Average
652,Tommie,Marten,25,tmarteni3@uiuc.edu,RUSSIA,11,47,100,52,Tommie Marten,Average
653,Denver,Weyman,18,dweymani4@independent.co.uk,CHINA,32,49,7,29,Denver Weyman,Poor
654,Ninon,Calcutt,19,ncalcutti5@4shared.com,BRAZIL,26,35,89,50,Ninon Calcutt,Average
655,Hope,Ballay,19,hballayi6@xinhuanet.com,PHILIPPINES,97,6,31,44,Hope Ballay,Average
656,Reggi,Korpal,19,rkorpali7@eepurl.com,CZECH REPUBLIC,45,64,0,36,Reggi Korpal,Poor
657,Alis,Kay,19,akayi8@ocn.ne.jp,PHILIPPINES,24,48,23,31,Alis Kay,Poor
658,Steffen,Bater,20,sbateri9@cdc.gov,NEW ZEALAND,62,8,85,51,Steffen Bater,Average
659,Thorpe,Cunniff,23,tcunniffia@printfriendly.com,EGYPT,81,8,45,44,Thorpe Cunniff,Average
660,Natka,McCuish,21,nmccuishib@woothemes.com,CHINA,36,56,4,32,Natka McCuish,Poor
661,Margo,Mendez,25,mmendezic@w3.org,FINLAND,90,28,53,57,Margo Mendez,Average
662,Elinor,Lauritzen,24,elauritzenid@flavors.me,UNITED STATES,1,2,93,32,Elinor Lauritzen,Poor
663,Aurlie,Fridaye,24,afridayeie@sciencedaily.com,CHINA,51,85,84,73,Aurlie Fridaye,Good
664,Duke,Petrenko,21,dpetrenkoif@google.co.jp,HONDURAS,15,97,65,59,Duke Petrenko,Average
665,Rudyard,Scorey,23,rscoreyig@desdev.cn,ARGENTINA,25,1,79,35,Rudyard Scorey,Poor
666,Candice,Shaul,23,cshaulih@cnn.com,SENEGAL,60,13,31,34,Candice Shaul,Poor
667,Nigel,Moralis,25,nmoralisii@earthlink.net,UNITED STATES,97,68,45,70,Nigel Moralis,Good
668,Ellie,Menichillo,19,emenichilloij@a8.net,IVORY COAST,15,76,68,53,Ellie Menichillo,Average
669,Trixi,Bailiss,24,tbailissik@illinois.edu,SWEDEN,87,12,87,62,Trixi Bailiss,Good
670,Jessie,Radden,21,jraddenil@youtu.be,CHINA,3,31,36,23,Jessie Radden,Poor
671,Dara,Cornilli,20,dcornilliim@blogtalkradio.com,UKRAINE,67,86,21,58,Dara Cornilli,Average
672,Christabella,Fero,22,cferoin@ezinearticles.com,CHINA,40,73,27,46,Christabella Fero,Average
673,Arlie,Hamshar,25,ahamshario@spiegel.de,CHINA,78,94,0,57,Arlie Hamshar,Average
674,Stephine,Leonida,18,sleonidaip@mtv.com,RUSSIA,99,19,1,39,Stephine Leonida,Poor
675,Gayle,Laffranconi,18,glaffranconiiq@yahoo.com,CZECH REPUBLIC,82,60,42,61,Gayle Laffranconi,Good
676,Merrie,Wickwar,23,mwickwarir@lycos.com,CUBA,58,87,11,52,Merrie Wickwar,Average
677,Orin,Foux,20,ofouxis@jiathis.com,PERU,53,39,66,52,Orin Foux,Average
678,Ray,Couvert,24,rcouvertit@tinypic.com,CZECH REPUBLIC,56,91,48,65,Ray Couvert,Good
679,Reginald,Orpwood,18,rorpwoodiu@cdbaby.com,COLOMBIA,90,48,62,66,Reginald Orpwood,Good
680,Abbott,Warret,18,awarretiv@yahoo.co.jp,INDONESIA,47,58,68,57,Abbott Warret,Average
681,Denna,Scorrer,19,dscorreriw@uiuc.edu,NORWAY,17,72,30,39,Denna Scorrer,Poor
682,Madonna,Lydster,24,mlydsterix@who.int,CHINA,65,43,13,40,Madonna Lydster,Average
683,Wake,Meah,25,wmeahiy@wikimedia.org,CZECH REPUBLIC,39,34,10,27,Wake Meah,Poor
684,Kris,Parysowna,18,kparysownaiz@diigo.com,NIGERIA,9,42,36,29,Kris Parysowna,Poor
685,Zoe,Rosendale,24,zrosendalej0@goo.ne.jp,CHINA,66,71,73,70,Zoe Rosendale,Good
686,Roshelle,Beggini,19,rbegginij1@ox.ac.uk,PHILIPPINES,70,99,56,75,Roshelle Beggini,Good
687,Andriana,O'Kieran,25,aokieranj2@arstechnica.com,CHINA,4,35,42,27,Andriana O'Kieran,Poor
688,Tallulah,Flippini,25,tflippinij3@aboutads.info,MALAYSIA,30,39,91,53,Tallulah Flippini,Average
689,Elspeth,Crawley,19,ecrawleyj4@uiuc.edu,INDONESIA,9,25,30,21,Elspeth Crawley,Poor
690,Gina,Ponter,20,gponterj5@fema.gov,INDONESIA,68,12,1,27,Gina Ponter,Poor
691,Freeman,McDool,20,fmcdoolj6@linkedin.com,CHINA,38,93,36,55,Freeman McDool,Average
692,Clementia,Baudouin,20,cbaudouinj7@washingtonpost.com,UKRAINE,85,92,22,66,Clementia Baudouin,Good
693,Charmine,McKillop,22,cmckillopj8@theglobeandmail.com,DEMOCRATIC REPUBLIC OF THE CONGO,97,68,18,61,Charmine McKillop,Good
694,Doris,Gietz,22,dgietzj9@drupal.org,PERU,69,87,36,64,Doris Gietz,Good
695,Warde,Assaf,21,wassafja@marriott.com,IVORY COAST,36,100,4,46,Warde Assaf,Average
696,Spencer,Klos,20,sklosjb@admin.ch,SWEDEN,88,78,1,55,Spencer Klos,Average
697,Dody,Odom,22,dodomjc@tmall.com,PHILIPPINES,45,66,30,47,Dody Odom,Average
698,Elinor,Billington,18,ebillingtonjd@google.com,PHILIPPINES,64,4,72,46,Elinor Billington,Average
699,Devan,Barwell,25,dbarwellje@wsj.com,CHINA,82,99,84,88,Devan Barwell,Excellent
700,Antoni,Cobelli,22,acobellijf@ifeng.com,TANZANIA,51,43,32,42,Antoni Cobelli,Average
701,Morganica,Ferry,24,mferryjg@deviantart.com,NIGERIA,13,46,2,20,Morganica Ferry,Poor
702,Vaclav,Dunston,24,vdunstonjh@zimbio.com,GREECE,66,88,92,82,Vaclav Dunston,Excellent
703,Ginelle,Yackiminie,18,gyackiminieji@shinystat.com,GREECE,72,61,98,77,Ginelle Yackiminie,Good
704,Kinnie,Mewrcik,18,kmewrcikjj@moonfruit.com,ISRAEL,17,8,2,9,Kinnie Mewrcik,Poor
705,Pierrette,Pagon,18,ppagonjk@ucla.edu,CHINA,90,33,64,62,Pierrette Pagon,Good
706,Yuri,Argrave,23,yargravejl@cargocollective.com,ECUADOR,96,38,65,66,Yuri Argrave,Good
707,Shirleen,Dorset,22,sdorsetjm@sciencedaily.com,BOSNIA AND HERZEGOVINA,47,72,46,55,Shirleen Dorset,Average
708,Hyacinthe,Demonge,21,hdemongejn@clickbank.net,CHINA,62,4,8,24,Hyacinthe Demonge,Poor
709,Mirella,MacGill,23,mmacgilljo@unblog.fr,MOROCCO,58,25,85,56,Mirella MacGill,Average
710,Lissa,Challenor,25,lchallenorjp@artisteer.com,PHILIPPINES,68,4,14,28,Lissa Challenor,Poor
711,Tallie,Bencher,21,tbencherjq@cpanel.net,PHILIPPINES,29,9,85,41,Tallie Bencher,Average
712,Shandeigh,Dougal,25,sdougaljr@google.co.jp,PHILIPPINES,10,25,92,42,Shandeigh Dougal,Average
713,Riannon,Mortel,23,rmorteljs@opera.com,LITHUANIA,85,91,58,78,Riannon Mortel,Good
714,Kaspar,Masey,24,kmaseyjt@blog.com,PHILIPPINES,11,24,95,43,Kaspar Masey,Average
715,Blanch,Gandar,18,bgandarju@nymag.com,NETHERLANDS,9,43,29,27,Blanch Gandar,Poor
716,Zebadiah,Chilcotte,21,zchilcottejv@jiathis.com,CHINA,8,92,39,46,Zebadiah Chilcotte,Average
717,Dreddy,Stowte,20,dstowtejw@bluehost.com,UNITED STATES,89,54,20,54,Dreddy Stowte,Average
718,Daria,Meakes,23,dmeakesjx@skype.com,INDONESIA,57,2,72,43,Daria Meakes,Average
719,Arnoldo,Gingles,23,aginglesjy@baidu.com,MALAYSIA,78,63,25,55,Arnoldo Gingles,Average
720,Katrinka,Castanho,19,kcastanhojz@altervista.org,SOUTH AFRICA,6,68,93,55,Katrinka Castanho,Average
721,Monte,Jeanel,25,mjeanelk0@bloglovin.com,RUSSIA,83,44,55,60,Monte Jeanel,Good
722,Fulvia,Lyons,19,flyonsk1@apache.org,ZIMBABWE,16,69,84,56,Fulvia Lyons,Average
723,Joannes,Iacomini,24,jiacominik2@cdbaby.com,MONGOLIA,56,80,74,70,Joannes Iacomini,Good
724,Brocky,MacMorland,20,bmacmorlandk3@huffingtonpost.com,AZERBAIJAN,53,80,42,58,Brocky MacMorland,Average
725,Isidora,Garrattley,18,igarrattleyk4@exblog.jp,CANADA,21,81,92,64,Isidora Garrattley,Good
726,Micky,Benkin,18,mbenkink5@weebly.com,FRANCE,69,27,96,64,Micky Benkin,Good
727,Wenonah,Carp,22,wcarpk6@twitpic.com,DOMINICAN REPUBLIC,90,85,61,78,Wenonah Carp,Good
728,Brandy,Halle,25,bhallek7@economist.com,THAILAND,53,87,23,54,Brandy Halle,Average
729,Torin,Woodfield,20,twoodfieldk8@alexa.com,PORTUGAL,51,75,76,67,Torin Woodfield,Good
730,Minnnie,Bail,25,mbailk9@example.com,CHINA,93,21,56,56,Minnnie Bail,Average
731,Wakefield,Isaac,19,wisaacka@weebly.com,LIBYA,54,83,81,72,Wakefield Isaac,Good
732,Langsdon,Curro,18,lcurrokb@engadget.com,CHINA,6,82,40,42,Langsdon Curro,Average
733,Vannie,Whatsize,18,vwhatsizekc@ucoz.ru,UNITED STATES,15,35,86,45,Vannie Whatsize,Average
734,Jeremie,Dible,25,jdiblekd@networksolutions.com,BRAZIL,79,18,64,53,Jeremie Dible,Average
735,Hendrika,Venes,18,hveneske@huffingtonpost.com,CHINA,77,58,7,47,Hendrika Venes,Average
736,Hermia,Bruffell,20,hbruffellkf@tmall.com,CHINA,56,24,54,44,Hermia Bruffell,Average
737,Abe,Bartolomeu,21,abartolomeukg@microsoft.com,INDONESIA,78,97,96,90,Abe Bartolomeu,Excellent
738,Sylvan,Ors,21,sorskh@home.pl,LIBERIA,54,48,33,45,Sylvan Ors,Average
739,Vinni,Gosneye,24,vgosneyeki@usatoday.com,POLAND,97,48,94,79,Vinni Gosneye,Good
740,Giffy,Selcraig,21,gselcraigkj@cdc.gov,CHINA,93,80,95,89,Giffy Selcraig,Excellent
741,Westbrook,McGinnell,22,wmcginnellkk@photobucket.com,FRANCE,77,16,17,36,Westbrook McGinnell,Poor
742,Tandy,Varndall,21,tvarndallkl@theatlantic.com,INDONESIA,22,27,93,47,Tandy Varndall,Average
743,Bernie,Bowe,18,bbowekm@theglobeandmail.com,BRAZIL,8,89,62,53,Bernie Bowe,Average
744,Agnola,Crone,24,acronekn@instagram.com,KYRGYZSTAN,69,22,81,57,Agnola Crone,Average
745,Kaiser,Tyzack,25,ktyzackko@merriam-webster.com,CUBA,33,88,47,56,Kaiser Tyzack,Average
746,Millard,Tofts,24,mtoftskp@google.pl,VIETNAM,7,39,22,22,Millard Tofts,Poor
747,Margi,Chuter,20,mchuterkq@ibm.com,CHINA,91,10,99,66,Margi Chuter,Good
748,Haleigh,Antrum,25,hantrumkr@posterous.com,CHINA,56,53,87,65,Haleigh Antrum,Good
749,Gare,Skoate,25,gskoateks@home.pl,UKRAINE,48,19,3,23,Gare Skoate,Poor
750,Lara,Brannan,22,lbrannankt@google.ca,ISRAEL,14,89,59,54,Lara Brannan,Average
751,Dukey,Paolino,23,dpaolinoku@ted.com,CHINA,7,68,48,41,Dukey Paolino,Average
752,Maddie,Penritt,23,mpenrittkv@umn.edu,RUSSIA,62,75,5,47,Maddie Penritt,Average
753,Darelle,Greedier,19,dgreedierkw@netlog.com,CHINA,45,67,36,49,Darelle Greedier,Average
754,Zollie,Bissett,22,zbissettkx@economist.com,GUATEMALA,93,29,94,72,Zollie Bissett,Good
755,Arleen,Stroyan,25,astroyanky@google.com.br,INDONESIA,35,78,86,66,Arleen Stroyan,Good
756,Gretal,Deuss,20,gdeusskz@accuweather.com,TUNISIA,62,54,28,48,Gretal Deuss,Average
757,Ethelbert,Coltart,20,ecoltartl0@ihg.com,UNITED STATES,48,59,99,68,Ethelbert Coltart,Good
758,Geoff,Clemenzo,18,gclemenzol1@google.ca,THAILAND,68,7,10,28,Geoff Clemenzo,Poor
759,Valentine,Staddon,20,vstaddonl2@is.gd,INDONESIA,42,75,2,39,Valentine Staddon,Poor
760,Deva,Splevin,23,dsplevinl3@upenn.edu,PHILIPPINES,60,63,1,41,Deva Splevin,Average
761,Gloria,Ricciardiello,23,gricciardiellol4@comcast.net,CHINA,20,100,49,56,Gloria Ricciardiello,Average
762,Genna,Klossmann,23,gklossmannl5@bigcartel.com,PHILIPPINES,9,15,86,36,Genna Klossmann,Poor
763,Cathi,Groomebridge,25,cgroomebridgel6@youtube.com,CHINA,87,11,79,59,Cathi Groomebridge,Average
764,Wash,Roocroft,18,wroocroftl7@samsung.com,SWEDEN,40,59,46,48,Wash Roocroft,Average
765,Yorgo,Leaver,18,yleaverl8@booking.com,BULGARIA,58,11,81,50,Yorgo Leaver,Average
766,Gregg,Henrys,19,ghenrysl9@wufoo.com,VENEZUELA,100,39,76,71,Gregg Henrys,Good
767,Tami,Whitehouse,24,twhitehousela@discovery.com,UNITED STATES,80,29,31,46,Tami Whitehouse,Average
768,Hillard,Futter,20,hfutterlb@naver.com,PERU,65,36,30,43,Hillard Futter,Average
769,Alissa,Wadforth,18,awadforthlc@earthlink.net,COLOMBIA,0,15,10,8,Alissa Wadforth,Poor
770,Arthur,Hindes,22,ahindesld@google.co.uk,CANADA,27,88,63,59,Arthur Hindes,Average
771,Karly,Mamwell,21,kmamwellle@rambler.ru,KUWAIT,87,13,66,55,Karly Mamwell,Average
772,Alvis,Kidwell,18,akidwelllf@issuu.com,ARGENTINA,99,55,86,80,Alvis Kidwell,Excellent
773,Spike,Fishburn,22,sfishburnlg@desdev.cn,MARTINIQUE,69,75,71,71,Spike Fishburn,Good
774,Travis,Colliber,24,tcolliberlh@fda.gov,POLAND,13,62,15,30,Travis Colliber,Poor
775,Frederik,Batalini,22,fbatalinili@feedburner.com,BRAZIL,46,2,38,28,Frederik Batalini,Poor
776,Evelina,Stallworth,23,estallworthlj@archive.org,NIGERIA,72,85,80,79,Evelina Stallworth,Good
777,Jaimie,MacGowan,19,jmacgowanlk@nasa.gov,FRANCE,11,63,48,40,Jaimie MacGowan,Average
778,Marcelle,Seegar,20,mseegarll@xrea.com,GREECE,96,64,97,85,Marcelle Seegar,Excellent
779,Mallory,Eady,20,meadylm@mozilla.org,RUSSIA,72,74,64,70,Mallory Eady,Good
780,Noella,Barrowclough,22,nbarrowcloughln@plala.or.jp,UNITED STATES,80,100,28,69,Noella Barrowclough,Good
781,Tore,Tindle,21,ttindlelo@cisco.com,PORTUGAL,44,18,42,34,Tore Tindle,Poor
782,Ailis,Boeck,25,aboecklp@parallels.com,CZECH REPUBLIC,43,95,79,72,Ailis Boeck,Good
783,Viviene,Cheson,21,vchesonlq@columbia.edu,TOGO,31,54,89,58,Viviene Cheson,Average
784,Lory,Whitcher,21,lwhitcherlr@fastcompany.com,MEXICO,83,57,4,48,Lory Whitcher,Average
785,Susannah,Baudacci,22,sbaudaccils@npr.org,RUSSIA,21,25,39,28,Susannah Baudacci,Poor
786,Neilla,Humfrey,23,nhumfreylt@usatoday.com,JORDAN,0,68,48,38,Neilla Humfrey,Poor
787,Dun,Scotland,23,dscotlandlu@geocities.com,ALBANIA,58,26,85,56,Dun Scotland,Average
788,Melisent,Size,20,msizelv@twitter.com,INDONESIA,92,30,12,44,Melisent Size,Average
789,Millisent,Conws,25,mconwslw@sciencedirect.com,POLAND,68,53,4,41,Millisent Conws,Average
790,Fallon,Carragher,21,fcarragherlx@google.co.jp,CHINA,35,79,47,53,Fallon Carragher,Average
791,Ulysses,Czajka,20,uczajkaly@lulu.com,PHILIPPINES,26,33,56,38,Ulysses Czajka,Poor
792,Jard,Kerwood,19,jkerwoodlz@imageshack.us,UZBEKISTAN,87,44,13,48,Jard Kerwood,Average
793,Koralle,Kellington,18,kkellingtonm0@merriam-webster.com,RUSSIA,64,10,36,36,Koralle Kellington,Poor
794,Trixie,Pitway,22,tpitwaym1@state.tx.us,NIGERIA,36,77,37,50,Trixie Pitway,Average
795,Vonny,Anthonies,20,vanthoniesm2@wordpress.org,INDONESIA,76,52,32,53,Vonny Anthonies,Average
796,Ariela,Mateos,25,amateosm3@state.tx.us,BRAZIL,23,14,33,23,Ariela Mateos,Poor
797,Letizia,Staves,20,lstavesm4@shutterfly.com,AFGHANISTAN,8,32,56,32,Letizia Staves,Poor
798,Fionna,Whapples,21,fwhapplesm5@squarespace.com,PERU,97,81,46,74,Fionna Whapples,Good
799,Abbe,Reitenbach,19,areitenbachm6@wunderground.com,NIGERIA,40,53,25,39,Abbe Reitenbach,Poor
800,Gretchen,Barzen,24,gbarzenm7@google.ru,SERBIA,3,31,92,42,Gretchen Barzen,Average
801,Sheffie,Grigolli,25,sgrigollim8@mac.com,CHILE,47,34,20,33,Sheffie Grigolli,Poor
802,Hendrik,Heinert,21,hheinertm9@fema.gov,POLAND,14,59,17,30,Hendrik Heinert,Poor
803,Josh,Lofthouse,24,jlofthousema@360.cn,COLOMBIA,70,24,71,55,Josh Lofthouse,Average
804,Aeriela,Heeley,22,aheeleymb@dion.ne.jp,UNITED STATES,15,44,93,50,Aeriela Heeley,Average
805,Trish,Drynan,24,tdrynanmc@ibm.com,PHILIPPINES,41,81,41,54,Trish Drynan,Average
806,Kynthia,Fancutt,19,kfancuttmd@chron.com,POLAND,12,38,83,44,Kynthia Fancutt,Average
807,Francene,BURWIN,23,fburwinme@gov.uk,LITHUANIA,9,92,6,35,Francene BURWIN,Poor
808,Danica,Zincke,23,dzinckemf@tripadvisor.com,SAUDI ARABIA,10,24,87,40,Danica Zincke,Average
809,Izabel,Lowdham,22,ilowdhammg@home.pl,BULGARIA,11,97,18,42,Izabel Lowdham,Average
810,Pierre,Leathlay,20,pleathlaymh@upenn.edu,CHINA,90,42,14,48,Pierre Leathlay,Average
811,Daffy,Firmager,19,dfirmagermi@pbs.org,INDONESIA,63,50,58,57,Daffy Firmager,Average
812,Nancee,Brew,25,nbrewmj@msu.edu,MOROCCO,29,44,83,52,Nancee Brew,Average
813,Tristan,Ryde,20,trydemk@sitemeter.com,ARGENTINA,28,35,99,54,Tristan Ryde,Average
814,Nickolaus,Bernaert,23,nbernaertml@europa.eu,COLOMBIA,6,56,25,29,Nickolaus Bernaert,Poor
815,Cchaddie,Boncoeur,20,cboncoeurmm@shareasale.com,UNITED STATES,44,94,53,63,Cchaddie Boncoeur,Good
816,Liane,Greedier,22,lgreediermn@shop-pro.jp,MOROCCO,58,56,78,64,Liane Greedier,Good
817,Craggie,Cardno,23,ccardnomo@odnoklassniki.ru,THAILAND,94,58,20,57,Craggie Cardno,Average
818,Nikaniki,Ronchetti,21,nronchettimp@usa.gov,BOSNIA AND HERZEGOVINA,93,16,24,44,Nikaniki Ronchetti,Average
819,Aleece,Swyer-Sexey,22,aswyersexeymq@dell.com,CHINA,58,8,3,23,Aleece Swyer-Sexey,Poor
820,Mari,Binnes,20,mbinnesmr@goo.gl,IRELAND,70,9,38,39,Mari Binnes,Poor
821,Dallas,Feeley,18,dfeeleyms@ca.gov,POLAND,13,40,96,49,Dallas Feeley,Average
822,Melisa,Mathewes,22,mmathewesmt@unesco.org,CZECH REPUBLIC,50,17,73,46,Melisa Mathewes,Average
823,Nessa,Callaway,22,ncallawaymu@twitter.com,POLAND,99,40,7,48,Nessa Callaway,Average
824,Craggy,Cayette,18,ccayettemv@ehow.com,CHINA,34,82,71,62,Craggy Cayette,Good
825,Emmi,Braunston,25,ebraunstonmw@youku.com,CROATIA,7,81,17,35,Emmi Braunston,Poor
826,Grethel,Matushevitz,23,gmatushevitzmx@huffingtonpost.com,INDONESIA,26,93,87,68,Grethel Matushevitz,Good
827,Herbie,McDell,20,hmcdellmy@eepurl.com,CHINA,88,36,67,63,Herbie McDell,Good
828,Berte,Alfonso,25,balfonsomz@kickstarter.com,CHILE,98,43,26,55,Berte Alfonso,Average
829,Bowie,Tibbotts,18,btibbottsn0@hhs.gov,UNITED STATES,44,70,79,64,Bowie Tibbotts,Good
830,Pearle,Bolderoe,22,pbolderoen1@guardian.co.uk,PERU,11,34,14,19,Pearle Bolderoe,Poor
831,Egor,Mattisssen,25,emattisssenn2@gravatar.com,PERU,19,22,59,33,Egor Mattisssen,Poor
832,Alejoa,Panketh,18,apankethn3@google.ru,UKRAINE,37,70,3,36,Alejoa Panketh,Poor
833,Emmeline,Boocock,18,eboocockn4@ted.com,PERU,20,28,18,22,Emmeline Boocock,Poor
834,Mora,McKerlie,25,mmckerlien5@delicious.com,PERU,95,56,87,79,Mora McKerlie,Good
835,Ilyssa,Geraldini,23,igeraldinin6@yahoo.com,CHINA,93,61,14,56,Ilyssa Geraldini,Average
836,Nickolaus,Grissett,23,ngrissettn7@mashable.com,CHINA,69,3,11,27,Nickolaus Grissett,Poor
837,Virgie,Nowaczyk,19,vnowaczykn8@google.com.br,BRAZIL,75,61,76,70,Virgie Nowaczyk,Good
838,Maude,Darrington,24,mdarringtonn9@mapy.cz,PORTUGAL,51,74,100,75,Maude Darrington,Good
839,Purcell,Delgado,23,pdelgadona@auda.org.au,CANADA,22,53,88,54,Purcell Delgado,Average
840,Phyllis,Cammidge,22,pcammidgenb@noaa.gov,THAILAND,56,86,1,47,Phyllis Cammidge,Average
841,Colene,Masarrat,23,cmasarratnc@plala.or.jp,MADAGASCAR,8,16,9,11,Colene Masarrat,Poor
842,West,Caulcott,24,wcaulcottnd@businessinsider.com,UNITED STATES,48,33,85,55,West Caulcott,Average
843,Maudie,Sugden,21,msugdenne@lulu.com,UNITED KINGDOM,38,9,52,33,Maudie Sugden,Poor
844,Harlan,Dougharty,23,hdoughartynf@howstuffworks.com,PAKISTAN,92,46,31,56,Harlan Dougharty,Average
845,Jarvis,Duligal,23,jduligalng@admin.ch,PERU,34,43,14,30,Jarvis Duligal,Poor
846,Jeffry,Wabersich,19,jwabersichnh@microsoft.com,PORTUGAL,61,55,45,53,Jeffry Wabersich,Average
847,Marisa,Vallow,21,mvallowni@dmoz.org,FINLAND,70,41,36,49,Marisa Vallow,Average
848,Sybille,Winslow,20,swinslownj@godaddy.com,COSTA RICA,60,41,21,40,Sybille Winslow,Average
849,Ruperto,Onn,25,ronnnk@kickstarter.com,LUXEMBOURG,78,91,48,72,Ruperto Onn,Good
850,Bernadina,Giacomi,25,bgiacominl@squarespace.com,FRANCE,81,34,29,48,Bernadina Giacomi,Average
851,Brook,Pree,18,bpreenm@wikipedia.org,INDONESIA,42,84,30,52,Brook Pree,Average
852,Lilias,Surmeir,25,lsurmeirnn@sun.com,CHINA,14,68,3,28,Lilias Surmeir,Poor
853,Elnore,Justice,23,ejusticeno@ezinearticles.com,BRAZIL,29,26,64,39,Elnore Justice,Poor
854,Gaspard,McInulty,18,gmcinultynp@theglobeandmail.com,CHINA,3,65,100,56,Gaspard McInulty,Average
855,Gregory,De Haven,19,gdehavennq@army.mil,CHINA,75,33,28,45,Gregory De Haven,Average
856,Georges,Balaison,23,gbalaisonnr@xing.com,MAYOTTE,6,79,10,31,Georges Balaison,Poor
857,Milo,Studde,23,mstuddens@imgur.com,PARAGUAY,95,28,69,64,Milo Studde,Good
858,Myrilla,Kachel,18,mkachelnt@smugmug.com,INDONESIA,77,46,3,42,Myrilla Kachel,Average
859,Joycelin,O'Glessane,22,joglessanenu@upenn.edu,SLOVENIA,12,3,23,12,Joycelin O'Glessane,Poor
860,Abbi,Mucklestone,20,amucklestonenv@google.it,INDONESIA,47,24,1,24,Abbi Mucklestone,Poor
861,Catarina,Hawford,20,chawfordnw@nymag.com,SWEDEN,74,71,55,66,Catarina Hawford,Good
862,Lotti,Triggel,22,ltriggelnx@1688.com,RUSSIA,52,11,70,44,Lotti Triggel,Average
863,Hugo,Van't Hoff,23,hvanthoffny@jimdo.com,ARGENTINA,65,67,66,66,Hugo Van't Hoff,Good
864,Tasha,Togher,23,ttoghernz@washington.edu,SOUTH AFRICA,93,48,88,76,Tasha Togher,Good
865,Bronny,Freke,25,bfrekeo0@purevolume.com,ARGENTINA,68,56,60,61,Bronny Freke,Good
866,Haze,Riping,22,hripingo1@drupal.org,SWEDEN,2,11,9,7,Haze Riping,Poor
867,Avrom,Joannidi,24,ajoannidio2@state.gov,CHINA,92,100,43,78,Avrom Joannidi,Good
868,Rozanna,Portigall,21,rportigallo3@bigcartel.com,HONDURAS,12,58,42,37,Rozanna Portigall,Poor
869,Agneta,Staniland,21,astanilando4@prnewswire.com,CHINA,44,35,17,32,Agneta Staniland,Poor
870,Zelma,Jedrzej,19,zjedrzejo5@opensource.org,PERU,12,52,99,54,Zelma Jedrzej,Average
871,Raynard,Sallis,19,rsalliso6@state.tx.us,PHILIPPINES,28,40,2,23,Raynard Sallis,Poor
872,Joanna,Pirrone,21,jpirroneo7@discovery.com,FRANCE,64,53,88,68,Joanna Pirrone,Good
873,Gabbi,Twitty,25,gtwittyo8@unicef.org,SOUTH KOREA,25,74,86,61,Gabbi Twitty,Good
874,Noelani,Burnep,20,nburnepo9@moonfruit.com,SOUTH AFRICA,55,92,46,64,Noelani Burnep,Good
875,Bourke,Veevers,24,bveeversoa@freewebs.com,RUSSIA,39,51,12,34,Bourke Veevers,Poor
876,Darrick,Goullee,25,dgoulleeob@google.cn,BOLIVIA,78,38,92,69,Darrick Goullee,Good
877,Louella,Helder,23,lhelderoc@amazon.co.uk,INDONESIA,71,28,91,63,Louella Helder,Good
878,Arley,Shoosmith,21,ashoosmithod@multiply.com,BRAZIL,9,61,73,47,Arley Shoosmith,Average
879,Alexine,McKeefry,25,amckeefryoe@uol.com.br,FRANCE,59,48,34,47,Alexine McKeefry,Average
880,Sarene,Wells,22,swellsof@discovery.com,ETHIOPIA,66,5,5,25,Sarene Wells,Poor
881,Vanda,Ruff,23,vruffog@npr.org,UNITED STATES,93,20,36,49,Vanda Ruff,Average
882,Isac,Andrivot,23,iandrivotoh@shinystat.com,FRANCE,11,12,14,12,Isac Andrivot,Poor
883,Chico,Christensen,21,cchristensenoi@ocn.ne.jp,DOMINICAN REPUBLIC,35,49,73,52,Chico Christensen,Average
884,Corina,Dran,23,cdranoj@uol.com.br,RUSSIA,20,45,42,35,Corina Dran,Poor
885,Penn,Donoghue,20,pdonoghueok@slate.com,IRELAND,12,82,99,64,Penn Donoghue,Good
886,Elmore,Softley,25,esoftleyol@google.com,CZECH REPUBLIC,99,82,71,84,Elmore Softley,Excellent
887,Randal,Mille,23,rmilleom@canalblog.com,POLAND,77,3,88,56,Randal Mille,Average
888,Dot,Sanz,22,dsanzon@examiner.com,INDONESIA,31,89,51,57,Dot Sanz,Average
889,Korey,Benfell,20,kbenfelloo@mayoclinic.com,RUSSIA,28,98,59,61,Korey Benfell,Good
890,Alistair,O'Neary,25,aonearyop@woothemes.com,CHINA,18,45,87,50,Alistair O'Neary,Average
891,Kizzie,Yakob,20,kyakoboq@seesaa.net,FINLAND,53,89,94,78,Kizzie Yakob,Good
892,Chad,Alejandro,20,calejandroor@adobe.com,SRI LANKA,14,1,74,29,Chad Alejandro,Poor
893,Lorry,Van der Mark,20,lvandermarkos@newsvine.com,PHILIPPINES,42,96,92,76,Lorry Van der Mark,Good
894,Zandra,Gration,20,zgrationot@pagesperso-orange.fr,PHILIPPINES,28,37,72,45,Zandra Gration,Average
895,Bernetta,Pryer,20,bpryerou@cbslocal.com,CZECH REPUBLIC,25,19,96,46,Bernetta Pryer,Average
896,Freddie,Bulley,25,fbulleyov@buzzfeed.com,INDONESIA,52,89,22,54,Freddie Bulley,Average
897,Rodd,Caldaro,24,rcaldaroow@dailymotion.com,CHINA,49,45,36,43,Rodd Caldaro,Average
898,Kaleb,Mattek,22,kmattekox@photobucket.com,CHINA,45,85,69,66,Kaleb Mattek,Good
899,Kath,Embra,21,kembraoy@bravesites.com,RUSSIA,64,35,70,56,Kath Embra,Average
900,Slade,Bullent,25,sbullentoz@wiley.com,SWEDEN,22,4,83,36,Slade Bullent,Poor
901,Filide,Druery,21,fdrueryp0@typepad.com,AZERBAIJAN,96,85,11,64,Filide Druery,Good
902,Tina,Liveing,18,tliveingp1@google.com.au,RUSSIA,66,46,91,67,Tina Liveing,Good
903,Franciskus,Dockrell,20,fdockrellp2@blogger.com,RUSSIA,74,36,35,48,Franciskus Dockrell,Average
904,Bevvy,Taudevin,18,btaudevinp3@hatena.ne.jp,INDONESIA,83,72,80,78,Bevvy Taudevin,Good
905,Barry,Cobleigh,24,bcobleighp4@t.co,VIETNAM,56,59,81,65,Barry Cobleigh,Good
906,Gustie,Udall,19,gudallp5@ehow.com,MYANMAR,26,71,7,34,Gustie Udall,Poor
907,Helen,Dericut,18,hdericutp6@people.com.cn,PORTUGAL,92,23,0,38,Helen Dericut,Poor
908,Anallise,Dunlop,21,adunlopp7@sakura.ne.jp,VIETNAM,4,20,56,26,Anallise Dunlop,Poor
909,Moishe,Wintle,23,mwintlep8@wikimedia.org,POLAND,6,52,52,36,Moishe Wintle,Poor
910,Orton,Burgot,19,oburgotp9@miibeian.gov.cn,SPAIN,73,13,22,36,Orton Burgot,Poor
911,Travus,Measey,19,tmeaseypa@illinois.edu,CHINA,100,47,51,66,Travus Measey,Good
912,Vladamir,Hamshaw,22,vhamshawpb@prweb.com,AFGHANISTAN,69,81,36,62,Vladamir Hamshaw,Good
913,Christophorus,Hayle,25,chaylepc@live.com,CHINA,69,74,10,51,Christophorus Hayle,Average
914,Purcell,Ledward,18,pledwardpd@rakuten.co.jp,UKRAINE,72,78,49,66,Purcell Ledward,Good
915,Archie,Thundercliffe,23,athundercliffepe@uol.com.br,SWEDEN,11,33,91,45,Archie Thundercliffe,Average
916,Laurene,Rosenboim,19,lrosenboimpf@creativecommons.org,PAKISTAN,72,32,25,43,Laurene Rosenboim,Average
917,Wit,Haggata,24,whaggatapg@163.com,VIETNAM,2,10,85,32,Wit Haggata,Poor
918,Finlay,Inett,22,finettph@sitemeter.com,CHINA,85,7,3,31,Finlay Inett,Poor
919,Lizabeth,Brodhead,25,lbrodheadpi@posterous.com,ZAMBIA,5,25,29,19,Lizabeth Brodhead,Poor
920,Quintilla,Trussell,21,qtrussellpj@tiny.cc,UNITED STATES,86,58,92,78,Quintilla Trussell,Good
921,Gwyneth,Dyble,21,gdyblepk@independent.co.uk,CHINA,1,35,59,31,Gwyneth Dyble,Poor
922,Tallia,Coleiro,23,tcoleiropl@quantcast.com,NIGERIA,88,44,55,62,Tallia Coleiro,Good
923,Grier,Rhoddie,22,grhoddiepm@plala.or.jp,BRAZIL,24,62,8,31,Grier Rhoddie,Poor
924,Tansy,Brogioni,22,tbrogionipn@symantec.com,CHINA,48,9,31,29,Tansy Brogioni,Poor
925,Garrard,Barthorpe,25,gbarthorpepo@nytimes.com,INDONESIA,96,0,23,39,Garrard Barthorpe,Poor
926,Jeannette,Butterfint,19,jbutterfintpp@shareasale.com,CHINA,84,28,82,64,Jeannette Butterfint,Good
927,Gerty,Edlestone,19,gedlestonepq@economist.com,PHILIPPINES,29,95,91,71,Gerty Edlestone,Good
928,Terrence,Jelf,23,tjelfpr@constantcontact.com,BOTSWANA,66,15,60,47,Terrence Jelf,Average
929,Carmella,Yarrall,18,cyarrallps@last.fm,INDONESIA,1,48,44,31,Carmella Yarrall,Poor
930,Michal,Batch,24,mbatchpt@ehow.com,INDONESIA,69,92,60,73,Michal Batch,Good
931,Mattheus,Arnall,23,marnallpu@myspace.com,INDONESIA,19,1,66,28,Mattheus Arnall,Poor
932,Courtney,Harkins,22,charkinspv@freewebs.com,INDONESIA,74,47,75,65,Courtney Harkins,Good
933,Bernard,Webburn,20,bwebburnpw@eepurl.com,CUBA,63,12,36,37,Bernard Webburn,Poor
934,Cissiee,Gilbart,25,cgilbartpx@noaa.gov,UNITED STATES,29,15,46,30,Cissiee Gilbart,Poor
935,Elana,Kilgannon,19,ekilgannonpy@github.com,UNITED STATES,65,10,41,38,Elana Kilgannon,Poor
936,Morris,Ambrose,24,mambrosepz@hubpages.com,CHINA,1,43,92,45,Morris Ambrose,Average
937,Leesa,Hicken,19,lhickenq0@blogger.com,IRELAND,48,30,14,30,Leesa Hicken,Poor
938,Beau,Berryman,18,bberrymanq1@ca.gov,GREECE,0,26,11,12,Beau Berryman,Poor
939,Darcey,Leithgoe,21,dleithgoeq2@stanford.edu,MEXICO,31,53,58,47,Darcey Leithgoe,Average
940,Carmelle,Setter,21,csetterq3@reuters.com,PHILIPPINES,85,70,49,68,Carmelle Setter,Good
941,Aida,Beaney,19,abeaneyq4@yale.edu,PORTUGAL,23,65,95,61,Aida Beaney,Good
942,Ansley,Hargie,19,ahargieq5@paginegialle.it,PORTUGAL,47,76,43,55,Ansley Hargie,Average
943,Goddard,Lochet,21,glochetq6@timesonline.co.uk,CHINA,91,14,28,44,Goddard Lochet,Average
944,Rosana,Corry,20,rcorryq7@soup.io,FINLAND,20,59,78,52,Rosana Corry,Average
945,Sophi,Beadell,24,sbeadellq8@flavors.me,BRAZIL,15,13,99,42,Sophi Beadell,Average
946,Idaline,Boxell,23,iboxellq9@newyorker.com,CHINA,46,0,4,16,Idaline Boxell,Poor
947,Amitie,Moorerud,25,amoorerudqa@tmall.com,RUSSIA,77,30,42,49,Amitie Moorerud,Average
948,Cory,Esland,20,ceslandqb@sina.com.cn,CHINA,56,13,92,53,Cory Esland,Average
949,Susana,Twohig,25,stwohigqc@telegraph.co.uk,TANZANIA,95,31,84,70,Susana Twohig,Good
950,Penni,Ruthven,24,pruthvenqd@ox.ac.uk,RUSSIA,74,6,16,32,Penni Ruthven,Poor
951,Leah,Deary,23,ldearyqe@blogspot.com,SWITZERLAND,80,44,8,44,Leah Deary,Average
952,Ginger,Doubleday,23,gdoubledayqf@multiply.com,INDONESIA,14,42,69,41,Ginger Doubleday,Average
953,Dorothy,Gobell,22,dgobellqg@histats.com,PERU,52,11,15,26,Dorothy Gobell,Poor
954,Gaile,Brazer,20,gbrazerqh@theguardian.com,MEXICO,60,97,84,80,Gaile Brazer,Excellent
955,Melisse,Queenborough,21,mqueenboroughqi@businesswire.com,CHINA,50,4,51,35,Melisse Queenborough,Poor
956,Gertrudis,Skillern,19,gskillernqj@businessweek.com,CHINA,47,11,97,51,Gertrudis Skillern,Average
957,Isadore,Gowry,18,igowryqk@miitbeian.gov.cn,VIETNAM,25,2,16,14,Isadore Gowry,Poor
958,Lonnie,Struan,24,lstruanql@hexun.com,MONGOLIA,46,56,65,55,Lonnie Struan,Average
959,Tobin,Kenyam,20,tkenyamqm@phpbb.com,UKRAINE,35,11,94,46,Tobin Kenyam,Average
960,Ardath,Shaw,25,ashawqn@go.com,ARGENTINA,99,11,76,62,Ardath Shaw,Good
961,Gilligan,Tocknell,19,gtocknellqo@google.com.hk,BRAZIL,15,43,96,51,Gilligan Tocknell,Average
962,Anson,Bickerstaffe,21,abickerstaffeqp@pbs.org,PERU,75,52,93,73,Anson Bickerstaffe,Good
963,Casie,Dowry,18,cdowryqq@istockphoto.com,INDONESIA,31,89,94,71,Casie Dowry,Good
964,Gretchen,Alvar,24,galvarqr@zdnet.com,VIETNAM,78,72,89,79,Gretchen Alvar,Good
965,Florenza,Camelin,25,fcamelinqs@paginegialle.it,CHINA,61,64,66,63,Florenza Camelin,Good
966,Engracia,Nickless,22,enicklessqt@usnews.com,CHINA,1,17,6,8,Engracia Nickless,Poor
967,Sebastian,Huggens,18,shuggensqu@photobucket.com,INDONESIA,64,42,3,36,Sebastian Huggens,Poor
968,Lonny,Fitzsymon,20,lfitzsymonqv@sina.com.cn,GREECE,64,44,4,37,Lonny Fitzsymon,Poor
969,Heidi,Fennick,18,hfennickqw@ezinearticles.com,INDONESIA,94,64,51,69,Heidi Fennick,Good
970,Nora,Chadd,21,nchaddqx@go.com,UNITED STATES,20,22,66,36,Nora Chadd,Poor
971,Bee,Guyers,21,bguyersqy@vkontakte.ru,RUSSIA,45,89,6,46,Bee Guyers,Average
972,Jack,Mellody,25,jmellodyqz@spiegel.de,BOTSWANA,87,70,74,77,Jack Mellody,Good
973,Toby,Grayham,21,tgrayhamr0@columbia.edu,CHINA,1,62,46,36,Toby Grayham,Poor
974,Claudian,Dimitru,23,cdimitrur1@ebay.co.uk,RUSSIA,89,81,7,59,Claudian Dimitru,Average
975,Silvio,Talloe,20,stalloer2@cyberchimps.com,THAILAND,90,30,0,40,Silvio Talloe,Average
976,Almeda,Dart,20,adartr3@booking.com,ARMENIA,54,12,58,41,Almeda Dart,Average
977,Amity,Roobottom,25,aroobottomr4@mashable.com,CHINA,63,85,25,57,Amity Roobottom,Average
978,Phillie,Gonsalo,25,pgonsalor5@wsj.com,RUSSIA,33,62,4,33,Phillie Gonsalo,Poor
979,Hazel,Heijne,18,hheijner6@studiopress.com,INDONESIA,58,96,65,73,Hazel Heijne,Good
980,Ingra,Ingilson,24,iingilsonr7@live.com,PAKISTAN,55,33,83,57,Ingra Ingilson,Average
981,Cariotta,Hedman,23,chedmanr8@usnews.com,PORTUGAL,7,77,37,40,Cariotta Hedman,Average
982,Babette,Kolczynski,19,bkolczynskir9@redcross.org,RUSSIA,4,86,2,30,Babette Kolczynski,Poor
983,Amata,Casford,21,acasfordra@spotify.com,NORWAY,21,18,7,15,Amata Casford,Poor
984,Amandy,Sitch,25,asitchrb@deliciousdays.com,GREECE,27,51,64,47,Amandy Sitch,Average
985,Jacquie,Coplestone,24,jcoplestonerc@springer.com,SERBIA,45,59,63,55,Jacquie Coplestone,Average
986,Cathyleen,Gooke,22,cgookerd@whitehouse.gov,ECUADOR,48,37,90,58,Cathyleen Gooke,Average
987,Ileana,Duck,24,iduckre@desdev.cn,INDONESIA,4,75,98,59,Ileana Duck,Average
988,Ingunna,Chasen,25,ichasenrf@histats.com,RUSSIA,32,15,32,26,Ingunna Chasen,Poor
989,Elston,Oxlee,18,eoxleerg@i2i.jp,CHINA,97,1,12,36,Elston Oxlee,Poor
990,Aluin,Pettus,22,apettusrh@facebook.com,PHILIPPINES,68,15,86,56,Aluin Pettus,Average
991,Janek,O'Bruen,18,jobruenri@tripadvisor.com,PHILIPPINES,87,62,15,54,Janek O'Bruen,Average
992,Rea,Haresign,18,rharesignrj@liveinternet.ru,INDONESIA,79,50,95,74,Rea Haresign,Good
993,Mersey,Vowell,21,mvowellrk@amazon.co.jp,AFGHANISTAN,31,11,1,14,Mersey Vowell,Poor
994,Mabel,Kean,22,mkeanrl@telegraph.co.uk,CZECH REPUBLIC,26,8,4,12,Mabel Kean,Poor
995,Godfree,Danbye,23,gdanbyerm@sciencedaily.com,RUSSIA,20,68,40,42,Godfree Danbye,Average
996,Josefa,Klaiser,24,jklaiserrn@nydailynews.com,CAMEROON,31,66,94,63,Josefa Klaiser,Good
997,Lilias,Ambrozewicz,23,lambrozewiczro@lulu.com,UNITED STATES,66,30,66,54,Lilias Ambrozewicz,Average
998,Joy,Jendas,20,jjendasrp@jalbum.net,PHILIPPINES,84,50,61,65,Joy Jendas,Good
999,Lin,Gowdie,23,lgowdierq@qq.com,ETHIOPIA,44,11,80,45,Lin Gowdie,Average
1000,Harriett,Wick,20,hwickrr@trellian.com,TUNISIA,64,48,83,65,Harriett Wick,Good
